chart,figure_status,jurisdiction,state_abbr,filing_status,input_basis,input_amount_usd,measure,value_usd,cola_percent,source
2027 Social Security COLA,ESTIMATE,United States,,,current monthly payment,1200,new monthly payment,1243,3.6,"The Senior Citizens League, COLA estimate published August 12, 2026 (https://seniorsleague.org/cola-projection-falls-to-3-6-with-2-months-remaining-to-2027-announcement/); Tools Berry calculation"
2027 Social Security COLA,ESTIMATE,United States,,,current monthly payment,1200,monthly increase,43,3.6,"The Senior Citizens League, COLA estimate published August 12, 2026 (https://seniorsleague.org/cola-projection-falls-to-3-6-with-2-months-remaining-to-2027-announcement/); Tools Berry calculation"
2027 Social Security COLA,ESTIMATE,United States,,,current monthly payment,1200,annual increase,516,3.6,"The Senior Citizens League, COLA estimate published August 12, 2026 (https://seniorsleague.org/cola-projection-falls-to-3-6-with-2-months-remaining-to-2027-announcement/); Tools Berry calculation"
2027 Social Security COLA,ESTIMATE,United States,,,current monthly payment,1900,new monthly payment,1968,3.6,"The Senior Citizens League, COLA estimate published August 12, 2026 (https://seniorsleague.org/cola-projection-falls-to-3-6-with-2-months-remaining-to-2027-announcement/); Tools Berry calculation"
2027 Social Security COLA,ESTIMATE,United States,,,current monthly payment,1900,monthly increase,68,3.6,"The Senior Citizens League, COLA estimate published August 12, 2026 (https://seniorsleague.org/cola-projection-falls-to-3-6-with-2-months-remaining-to-2027-announcement/); Tools Berry calculation"
2027 Social Security COLA,ESTIMATE,United States,,,current monthly payment,1900,annual increase,816,3.6,"The Senior Citizens League, COLA estimate published August 12, 2026 (https://seniorsleague.org/cola-projection-falls-to-3-6-with-2-months-remaining-to-2027-announcement/); Tools Berry calculation"
2027 Social Security COLA,ESTIMATE,United States,,,current monthly payment,2600,new monthly payment,2693,3.6,"The Senior Citizens League, COLA estimate published August 12, 2026 (https://seniorsleague.org/cola-projection-falls-to-3-6-with-2-months-remaining-to-2027-announcement/); Tools Berry calculation"
2027 Social Security COLA,ESTIMATE,United States,,,current monthly payment,2600,monthly increase,93,3.6,"The Senior Citizens League, COLA estimate published August 12, 2026 (https://seniorsleague.org/cola-projection-falls-to-3-6-with-2-months-remaining-to-2027-announcement/); Tools Berry calculation"
2027 Social Security COLA,ESTIMATE,United States,,,current monthly payment,2600,annual increase,1116,3.6,"The Senior Citizens League, COLA estimate published August 12, 2026 (https://seniorsleague.org/cola-projection-falls-to-3-6-with-2-months-remaining-to-2027-announcement/); Tools Berry calculation"
Federal income tax 2027 vs 2026,OFFICIAL,United States,,single,annual wages,50000,"federal income tax, 2026",3820,,IRS Rev. Proc. 2025-32 (https://www.irs.gov/pub/irs-drop/rp-25-32.pdf); Tools Berry calculation
Federal income tax 2027 vs 2026,PROJECTED,United States,,single,annual wages,50000,"federal income tax, 2027",3752,,"Projected by Bloomberg Tax, Thomson Reuters and Wolters Kluwer; Tools Berry calculation"
Federal income tax 2027 vs 2026,PROJECTED,United States,,single,annual wages,50000,"reduction in federal income tax, 2027 vs 2026",68,,"Projected by Bloomberg Tax, Thomson Reuters and Wolters Kluwer; Tools Berry calculation"
Federal income tax 2027 vs 2026,OFFICIAL,United States,,single,annual wages,100000,"federal income tax, 2026",13170,,IRS Rev. Proc. 2025-32 (https://www.irs.gov/pub/irs-drop/rp-25-32.pdf); Tools Berry calculation
Federal income tax 2027 vs 2026,PROJECTED,United States,,single,annual wages,100000,"federal income tax, 2027",12890,,"Projected by Bloomberg Tax, Thomson Reuters and Wolters Kluwer; Tools Berry calculation"
Federal income tax 2027 vs 2026,PROJECTED,United States,,single,annual wages,100000,"reduction in federal income tax, 2027 vs 2026",280,,"Projected by Bloomberg Tax, Thomson Reuters and Wolters Kluwer; Tools Berry calculation"
Federal income tax 2027 vs 2026,OFFICIAL,United States,,single,annual wages,200000,"federal income tax, 2026",36734,,IRS Rev. Proc. 2025-32 (https://www.irs.gov/pub/irs-drop/rp-25-32.pdf); Tools Berry calculation
Federal income tax 2027 vs 2026,PROJECTED,United States,,single,annual wages,200000,"federal income tax, 2027",36375,,"Projected by Bloomberg Tax, Thomson Reuters and Wolters Kluwer; Tools Berry calculation"
Federal income tax 2027 vs 2026,PROJECTED,United States,,single,annual wages,200000,"reduction in federal income tax, 2027 vs 2026",359,,"Projected by Bloomberg Tax, Thomson Reuters and Wolters Kluwer; Tools Berry calculation"
Federal income tax 2027 vs 2026,OFFICIAL,United States,,married filing jointly,annual wages,50000,"federal income tax, 2026",1780,,IRS Rev. Proc. 2025-32 (https://www.irs.gov/pub/irs-drop/rp-25-32.pdf); Tools Berry calculation
Federal income tax 2027 vs 2026,PROJECTED,United States,,married filing jointly,annual wages,50000,"federal income tax, 2027",1680,,"Projected by Bloomberg Tax, Thomson Reuters and Wolters Kluwer; Tools Berry calculation"
Federal income tax 2027 vs 2026,PROJECTED,United States,,married filing jointly,annual wages,50000,"reduction in federal income tax, 2027 vs 2026",100,,"Projected by Bloomberg Tax, Thomson Reuters and Wolters Kluwer; Tools Berry calculation"
Federal income tax 2027 vs 2026,OFFICIAL,United States,,married filing jointly,annual wages,100000,"federal income tax, 2026",7640,,IRS Rev. Proc. 2025-32 (https://www.irs.gov/pub/irs-drop/rp-25-32.pdf); Tools Berry calculation
Federal income tax 2027 vs 2026,PROJECTED,United States,,married filing jointly,annual wages,100000,"federal income tax, 2027",7504,,"Projected by Bloomberg Tax, Thomson Reuters and Wolters Kluwer; Tools Berry calculation"
Federal income tax 2027 vs 2026,PROJECTED,United States,,married filing jointly,annual wages,100000,"reduction in federal income tax, 2027 vs 2026",136,,"Projected by Bloomberg Tax, Thomson Reuters and Wolters Kluwer; Tools Berry calculation"
Federal income tax 2027 vs 2026,OFFICIAL,United States,,married filing jointly,annual wages,200000,"federal income tax, 2026",26340,,IRS Rev. Proc. 2025-32 (https://www.irs.gov/pub/irs-drop/rp-25-32.pdf); Tools Berry calculation
Federal income tax 2027 vs 2026,PROJECTED,United States,,married filing jointly,annual wages,200000,"federal income tax, 2027",25779,,"Projected by Bloomberg Tax, Thomson Reuters and Wolters Kluwer; Tools Berry calculation"
Federal income tax 2027 vs 2026,PROJECTED,United States,,married filing jointly,annual wages,200000,"reduction in federal income tax, 2027 vs 2026",561,,"Projected by Bloomberg Tax, Thomson Reuters and Wolters Kluwer; Tools Berry calculation"
Federal tax inputs,OFFICIAL,United States,,single,,,"standard deduction, 2026",16100,,IRS Rev. Proc. 2025-32 (https://www.irs.gov/pub/irs-drop/rp-25-32.pdf)
Federal tax inputs,OFFICIAL,United States,,single,,,"taxable income where the 10% rate starts, 2026",0,,IRS Rev. Proc. 2025-32 (https://www.irs.gov/pub/irs-drop/rp-25-32.pdf)
Federal tax inputs,OFFICIAL,United States,,single,,,"taxable income where the 12% rate starts, 2026",12400,,IRS Rev. Proc. 2025-32 (https://www.irs.gov/pub/irs-drop/rp-25-32.pdf)
Federal tax inputs,OFFICIAL,United States,,single,,,"taxable income where the 22% rate starts, 2026",50400,,IRS Rev. Proc. 2025-32 (https://www.irs.gov/pub/irs-drop/rp-25-32.pdf)
Federal tax inputs,OFFICIAL,United States,,single,,,"taxable income where the 24% rate starts, 2026",105700,,IRS Rev. Proc. 2025-32 (https://www.irs.gov/pub/irs-drop/rp-25-32.pdf)
Federal tax inputs,OFFICIAL,United States,,single,,,"taxable income where the 32% rate starts, 2026",201775,,IRS Rev. Proc. 2025-32 (https://www.irs.gov/pub/irs-drop/rp-25-32.pdf)
Federal tax inputs,OFFICIAL,United States,,single,,,"taxable income where the 35% rate starts, 2026",256225,,IRS Rev. Proc. 2025-32 (https://www.irs.gov/pub/irs-drop/rp-25-32.pdf)
Federal tax inputs,OFFICIAL,United States,,single,,,"taxable income where the 37% rate starts, 2026",640600,,IRS Rev. Proc. 2025-32 (https://www.irs.gov/pub/irs-drop/rp-25-32.pdf)
Federal tax inputs,PROJECTED,United States,,single,,,"standard deduction, 2027",16600,,"Projected by Bloomberg Tax, Thomson Reuters and Wolters Kluwer"
Federal tax inputs,PROJECTED,United States,,single,,,"taxable income where the 10% rate starts, 2027",0,,"Projected by Bloomberg Tax, Thomson Reuters and Wolters Kluwer"
Federal tax inputs,PROJECTED,United States,,single,,,"taxable income where the 12% rate starts, 2027",12800,,"Projected by Bloomberg Tax, Thomson Reuters and Wolters Kluwer"
Federal tax inputs,PROJECTED,United States,,single,,,"taxable income where the 22% rate starts, 2027",52025,,"Projected by Bloomberg Tax, Thomson Reuters and Wolters Kluwer"
Federal tax inputs,PROJECTED,United States,,single,,,"taxable income where the 24% rate starts, 2027",109125,,"Projected by Bloomberg Tax, Thomson Reuters and Wolters Kluwer"
Federal tax inputs,PROJECTED,United States,,single,,,"taxable income where the 32% rate starts, 2027",208325,,"Projected by Bloomberg Tax, Thomson Reuters and Wolters Kluwer"
Federal tax inputs,PROJECTED,United States,,single,,,"taxable income where the 35% rate starts, 2027",264550,,"Projected by Bloomberg Tax, Thomson Reuters and Wolters Kluwer"
Federal tax inputs,PROJECTED,United States,,single,,,"taxable income where the 37% rate starts, 2027",661375,,"Projected by Bloomberg Tax, Thomson Reuters and Wolters Kluwer"
Federal tax inputs,OFFICIAL,United States,,married filing jointly,,,"standard deduction, 2026",32200,,IRS Rev. Proc. 2025-32 (https://www.irs.gov/pub/irs-drop/rp-25-32.pdf)
Federal tax inputs,OFFICIAL,United States,,married filing jointly,,,"taxable income where the 10% rate starts, 2026",0,,IRS Rev. Proc. 2025-32 (https://www.irs.gov/pub/irs-drop/rp-25-32.pdf)
Federal tax inputs,OFFICIAL,United States,,married filing jointly,,,"taxable income where the 12% rate starts, 2026",24800,,IRS Rev. Proc. 2025-32 (https://www.irs.gov/pub/irs-drop/rp-25-32.pdf)
Federal tax inputs,OFFICIAL,United States,,married filing jointly,,,"taxable income where the 22% rate starts, 2026",100800,,IRS Rev. Proc. 2025-32 (https://www.irs.gov/pub/irs-drop/rp-25-32.pdf)
Federal tax inputs,OFFICIAL,United States,,married filing jointly,,,"taxable income where the 24% rate starts, 2026",211400,,IRS Rev. Proc. 2025-32 (https://www.irs.gov/pub/irs-drop/rp-25-32.pdf)
Federal tax inputs,OFFICIAL,United States,,married filing jointly,,,"taxable income where the 32% rate starts, 2026",403550,,IRS Rev. Proc. 2025-32 (https://www.irs.gov/pub/irs-drop/rp-25-32.pdf)
Federal tax inputs,OFFICIAL,United States,,married filing jointly,,,"taxable income where the 35% rate starts, 2026",512450,,IRS Rev. Proc. 2025-32 (https://www.irs.gov/pub/irs-drop/rp-25-32.pdf)
Federal tax inputs,OFFICIAL,United States,,married filing jointly,,,"taxable income where the 37% rate starts, 2026",768700,,IRS Rev. Proc. 2025-32 (https://www.irs.gov/pub/irs-drop/rp-25-32.pdf)
Federal tax inputs,PROJECTED,United States,,married filing jointly,,,"standard deduction, 2027",33200,,"Projected by Bloomberg Tax, Thomson Reuters and Wolters Kluwer"
Federal tax inputs,PROJECTED,United States,,married filing jointly,,,"taxable income where the 10% rate starts, 2027",0,,"Projected by Bloomberg Tax, Thomson Reuters and Wolters Kluwer"
Federal tax inputs,PROJECTED,United States,,married filing jointly,,,"taxable income where the 12% rate starts, 2027",25600,,"Projected by Bloomberg Tax, Thomson Reuters and Wolters Kluwer"
Federal tax inputs,PROJECTED,United States,,married filing jointly,,,"taxable income where the 22% rate starts, 2027",104050,,"Projected by Bloomberg Tax, Thomson Reuters and Wolters Kluwer"
Federal tax inputs,PROJECTED,United States,,married filing jointly,,,"taxable income where the 24% rate starts, 2027",218250,,"Projected by Bloomberg Tax, Thomson Reuters and Wolters Kluwer"
Federal tax inputs,PROJECTED,United States,,married filing jointly,,,"taxable income where the 32% rate starts, 2027",416650,,"Projected by Bloomberg Tax, Thomson Reuters and Wolters Kluwer"
Federal tax inputs,PROJECTED,United States,,married filing jointly,,,"taxable income where the 35% rate starts, 2027",529100,,"Projected by Bloomberg Tax, Thomson Reuters and Wolters Kluwer"
Federal tax inputs,PROJECTED,United States,,married filing jointly,,,"taxable income where the 37% rate starts, 2027",793650,,"Projected by Bloomberg Tax, Thomson Reuters and Wolters Kluwer"
"Take-home pay by state, 2026",2026 rules,Alabama,AL,single,annual salary,75000,annual take-home pay,58033,,Tools Berry paycheck engine; IRS Rev. Proc. 2025-32; each state's published 2026 income tax and payroll rules
"Take-home pay by state, 2026",2026 rules,Alabama,AL,single,annual salary,75000,federal income tax,7670,,Tools Berry paycheck engine; IRS Rev. Proc. 2025-32; each state's published 2026 income tax and payroll rules
"Take-home pay by state, 2026",2026 rules,Alabama,AL,single,annual salary,75000,Social Security and Medicare,5738,,Tools Berry paycheck engine; IRS Rev. Proc. 2025-32; each state's published 2026 income tax and payroll rules
"Take-home pay by state, 2026",2026 rules,Alabama,AL,single,annual salary,75000,state income tax,3560,,Tools Berry paycheck engine; IRS Rev. Proc. 2025-32; each state's published 2026 income tax and payroll rules
"Take-home pay by state, 2026",2026 rules,Alabama,AL,single,annual salary,75000,"state payroll programs (disability, paid leave and similar)",0,,Tools Berry paycheck engine; IRS Rev. Proc. 2025-32; each state's published 2026 income tax and payroll rules
"Take-home pay by state, 2026",2026 rules,Alabama,AL,single,annual salary,100000,annual take-home pay,74370,,Tools Berry paycheck engine; IRS Rev. Proc. 2025-32; each state's published 2026 income tax and payroll rules
"Take-home pay by state, 2026",2026 rules,Alabama,AL,single,annual salary,100000,federal income tax,13170,,Tools Berry paycheck engine; IRS Rev. Proc. 2025-32; each state's published 2026 income tax and payroll rules
"Take-home pay by state, 2026",2026 rules,Alabama,AL,single,annual salary,100000,Social Security and Medicare,7650,,Tools Berry paycheck engine; IRS Rev. Proc. 2025-32; each state's published 2026 income tax and payroll rules
"Take-home pay by state, 2026",2026 rules,Alabama,AL,single,annual salary,100000,state income tax,4810,,Tools Berry paycheck engine; IRS Rev. Proc. 2025-32; each state's published 2026 income tax and payroll rules
"Take-home pay by state, 2026",2026 rules,Alabama,AL,single,annual salary,100000,"state payroll programs (disability, paid leave and similar)",0,,Tools Berry paycheck engine; IRS Rev. Proc. 2025-32; each state's published 2026 income tax and payroll rules
"Take-home pay by state, 2026",2026 rules,Alaska,AK,single,annual salary,75000,annual take-home pay,61322,,Tools Berry paycheck engine; IRS Rev. Proc. 2025-32; each state's published 2026 income tax and payroll rules
"Take-home pay by state, 2026",2026 rules,Alaska,AK,single,annual salary,75000,federal income tax,7670,,Tools Berry paycheck engine; IRS Rev. Proc. 2025-32; each state's published 2026 income tax and payroll rules
"Take-home pay by state, 2026",2026 rules,Alaska,AK,single,annual salary,75000,Social Security and Medicare,5738,,Tools Berry paycheck engine; IRS Rev. Proc. 2025-32; each state's published 2026 income tax and payroll rules
"Take-home pay by state, 2026",2026 rules,Alaska,AK,single,annual salary,75000,state income tax,0,,Tools Berry paycheck engine; IRS Rev. Proc. 2025-32; each state's published 2026 income tax and payroll rules
"Take-home pay by state, 2026",2026 rules,Alaska,AK,single,annual salary,75000,"state payroll programs (disability, paid leave and similar)",271,,Tools Berry paycheck engine; IRS Rev. Proc. 2025-32; each state's published 2026 income tax and payroll rules
"Take-home pay by state, 2026",2026 rules,Alaska,AK,single,annual salary,100000,annual take-home pay,78909,,Tools Berry paycheck engine; IRS Rev. Proc. 2025-32; each state's published 2026 income tax and payroll rules
"Take-home pay by state, 2026",2026 rules,Alaska,AK,single,annual salary,100000,federal income tax,13170,,Tools Berry paycheck engine; IRS Rev. Proc. 2025-32; each state's published 2026 income tax and payroll rules
"Take-home pay by state, 2026",2026 rules,Alaska,AK,single,annual salary,100000,Social Security and Medicare,7650,,Tools Berry paycheck engine; IRS Rev. Proc. 2025-32; each state's published 2026 income tax and payroll rules
"Take-home pay by state, 2026",2026 rules,Alaska,AK,single,annual salary,100000,state income tax,0,,Tools Berry paycheck engine; IRS Rev. Proc. 2025-32; each state's published 2026 income tax and payroll rules
"Take-home pay by state, 2026",2026 rules,Alaska,AK,single,annual salary,100000,"state payroll programs (disability, paid leave and similar)",271,,Tools Berry paycheck engine; IRS Rev. Proc. 2025-32; each state's published 2026 income tax and payroll rules
"Take-home pay by state, 2026",2026 rules (uses 2025 standard deduction),Arizona,AZ,single,annual salary,75000,annual take-home pay,60111,,Tools Berry paycheck engine; IRS Rev. Proc. 2025-32; each state's published 2026 income tax and payroll rules
"Take-home pay by state, 2026",2026 rules (uses 2025 standard deduction),Arizona,AZ,single,annual salary,75000,federal income tax,7670,,Tools Berry paycheck engine; IRS Rev. Proc. 2025-32; each state's published 2026 income tax and payroll rules
"Take-home pay by state, 2026",2026 rules (uses 2025 standard deduction),Arizona,AZ,single,annual salary,75000,Social Security and Medicare,5738,,Tools Berry paycheck engine; IRS Rev. Proc. 2025-32; each state's published 2026 income tax and payroll rules
"Take-home pay by state, 2026",2026 rules (uses 2025 standard deduction),Arizona,AZ,single,annual salary,75000,state income tax,1481,,Tools Berry paycheck engine; IRS Rev. Proc. 2025-32; each state's published 2026 income tax and payroll rules
"Take-home pay by state, 2026",2026 rules (uses 2025 standard deduction),Arizona,AZ,single,annual salary,75000,"state payroll programs (disability, paid leave and similar)",0,,Tools Berry paycheck engine; IRS Rev. Proc. 2025-32; each state's published 2026 income tax and payroll rules
"Take-home pay by state, 2026",2026 rules (uses 2025 standard deduction),Arizona,AZ,single,annual salary,100000,annual take-home pay,77074,,Tools Berry paycheck engine; IRS Rev. Proc. 2025-32; each state's published 2026 income tax and payroll rules
"Take-home pay by state, 2026",2026 rules (uses 2025 standard deduction),Arizona,AZ,single,annual salary,100000,federal income tax,13170,,Tools Berry paycheck engine; IRS Rev. Proc. 2025-32; each state's published 2026 income tax and payroll rules
"Take-home pay by state, 2026",2026 rules (uses 2025 standard deduction),Arizona,AZ,single,annual salary,100000,Social Security and Medicare,7650,,Tools Berry paycheck engine; IRS Rev. Proc. 2025-32; each state's published 2026 income tax and payroll rules
"Take-home pay by state, 2026",2026 rules (uses 2025 standard deduction),Arizona,AZ,single,annual salary,100000,state income tax,2106,,Tools Berry paycheck engine; IRS Rev. Proc. 2025-32; each state's published 2026 income tax and payroll rules
"Take-home pay by state, 2026",2026 rules (uses 2025 standard deduction),Arizona,AZ,single,annual salary,100000,"state payroll programs (disability, paid leave and similar)",0,,Tools Berry paycheck engine; IRS Rev. Proc. 2025-32; each state's published 2026 income tax and payroll rules
"Take-home pay by state, 2026",2026 rules,Arkansas,AR,single,annual salary,75000,annual take-home pay,59276,,Tools Berry paycheck engine; IRS Rev. Proc. 2025-32; each state's published 2026 income tax and payroll rules
"Take-home pay by state, 2026",2026 rules,Arkansas,AR,single,annual salary,75000,federal income tax,7670,,Tools Berry paycheck engine; IRS Rev. Proc. 2025-32; each state's published 2026 income tax and payroll rules
"Take-home pay by state, 2026",2026 rules,Arkansas,AR,single,annual salary,75000,Social Security and Medicare,5738,,Tools Berry paycheck engine; IRS Rev. Proc. 2025-32; each state's published 2026 income tax and payroll rules
"Take-home pay by state, 2026",2026 rules,Arkansas,AR,single,annual salary,75000,state income tax,2316,,Tools Berry paycheck engine; IRS Rev. Proc. 2025-32; each state's published 2026 income tax and payroll rules
"Take-home pay by state, 2026",2026 rules,Arkansas,AR,single,annual salary,75000,"state payroll programs (disability, paid leave and similar)",0,,Tools Berry paycheck engine; IRS Rev. Proc. 2025-32; each state's published 2026 income tax and payroll rules
"Take-home pay by state, 2026",2026 rules,Arkansas,AR,single,annual salary,100000,annual take-home pay,75939,,Tools Berry paycheck engine; IRS Rev. Proc. 2025-32; each state's published 2026 income tax and payroll rules
"Take-home pay by state, 2026",2026 rules,Arkansas,AR,single,annual salary,100000,federal income tax,13170,,Tools Berry paycheck engine; IRS Rev. Proc. 2025-32; each state's published 2026 income tax and payroll rules
"Take-home pay by state, 2026",2026 rules,Arkansas,AR,single,annual salary,100000,Social Security and Medicare,7650,,Tools Berry paycheck engine; IRS Rev. Proc. 2025-32; each state's published 2026 income tax and payroll rules
"Take-home pay by state, 2026",2026 rules,Arkansas,AR,single,annual salary,100000,state income tax,3241,,Tools Berry paycheck engine; IRS Rev. Proc. 2025-32; each state's published 2026 income tax and payroll rules
"Take-home pay by state, 2026",2026 rules,Arkansas,AR,single,annual salary,100000,"state payroll programs (disability, paid leave and similar)",0,,Tools Berry paycheck engine; IRS Rev. Proc. 2025-32; each state's published 2026 income tax and payroll rules
"Take-home pay by state, 2026",2026 rules (uses 2025 brackets),California,CA,single,annual salary,75000,annual take-home pay,57690,,Tools Berry paycheck engine; IRS Rev. Proc. 2025-32; each state's published 2026 income tax and payroll rules
"Take-home pay by state, 2026",2026 rules (uses 2025 brackets),California,CA,single,annual salary,75000,federal income tax,7670,,Tools Berry paycheck engine; IRS Rev. Proc. 2025-32; each state's published 2026 income tax and payroll rules
"Take-home pay by state, 2026",2026 rules (uses 2025 brackets),California,CA,single,annual salary,75000,Social Security and Medicare,5738,,Tools Berry paycheck engine; IRS Rev. Proc. 2025-32; each state's published 2026 income tax and payroll rules
"Take-home pay by state, 2026",2026 rules (uses 2025 brackets),California,CA,single,annual salary,75000,state income tax,2928,,Tools Berry paycheck engine; IRS Rev. Proc. 2025-32; each state's published 2026 income tax and payroll rules
"Take-home pay by state, 2026",2026 rules (uses 2025 brackets),California,CA,single,annual salary,75000,"state payroll programs (disability, paid leave and similar)",975,,Tools Berry paycheck engine; IRS Rev. Proc. 2025-32; each state's published 2026 income tax and payroll rules
"Take-home pay by state, 2026",2026 rules (uses 2025 brackets),California,CA,single,annual salary,100000,annual take-home pay,72672,,Tools Berry paycheck engine; IRS Rev. Proc. 2025-32; each state's published 2026 income tax and payroll rules
"Take-home pay by state, 2026",2026 rules (uses 2025 brackets),California,CA,single,annual salary,100000,federal income tax,13170,,Tools Berry paycheck engine; IRS Rev. Proc. 2025-32; each state's published 2026 income tax and payroll rules
"Take-home pay by state, 2026",2026 rules (uses 2025 brackets),California,CA,single,annual salary,100000,Social Security and Medicare,7650,,Tools Berry paycheck engine; IRS Rev. Proc. 2025-32; each state's published 2026 income tax and payroll rules
"Take-home pay by state, 2026",2026 rules (uses 2025 brackets),California,CA,single,annual salary,100000,state income tax,5208,,Tools Berry paycheck engine; IRS Rev. Proc. 2025-32; each state's published 2026 income tax and payroll rules
"Take-home pay by state, 2026",2026 rules (uses 2025 brackets),California,CA,single,annual salary,100000,"state payroll programs (disability, paid leave and similar)",1300,,Tools Berry paycheck engine; IRS Rev. Proc. 2025-32; each state's published 2026 income tax and payroll rules
"Take-home pay by state, 2026",2026 rules,Colorado,CO,single,annual salary,75000,annual take-home pay,58671,,Tools Berry paycheck engine; IRS Rev. Proc. 2025-32; each state's published 2026 income tax and payroll rules
"Take-home pay by state, 2026",2026 rules,Colorado,CO,single,annual salary,75000,federal income tax,7670,,Tools Berry paycheck engine; IRS Rev. Proc. 2025-32; each state's published 2026 income tax and payroll rules
"Take-home pay by state, 2026",2026 rules,Colorado,CO,single,annual salary,75000,Social Security and Medicare,5738,,Tools Berry paycheck engine; IRS Rev. Proc. 2025-32; each state's published 2026 income tax and payroll rules
"Take-home pay by state, 2026",2026 rules,Colorado,CO,single,annual salary,75000,state income tax,2592,,Tools Berry paycheck engine; IRS Rev. Proc. 2025-32; each state's published 2026 income tax and payroll rules
"Take-home pay by state, 2026",2026 rules,Colorado,CO,single,annual salary,75000,"state payroll programs (disability, paid leave and similar)",330,,Tools Berry paycheck engine; IRS Rev. Proc. 2025-32; each state's published 2026 income tax and payroll rules
"Take-home pay by state, 2026",2026 rules,Colorado,CO,single,annual salary,100000,annual take-home pay,75048,,Tools Berry paycheck engine; IRS Rev. Proc. 2025-32; each state's published 2026 income tax and payroll rules
"Take-home pay by state, 2026",2026 rules,Colorado,CO,single,annual salary,100000,federal income tax,13170,,Tools Berry paycheck engine; IRS Rev. Proc. 2025-32; each state's published 2026 income tax and payroll rules
"Take-home pay by state, 2026",2026 rules,Colorado,CO,single,annual salary,100000,Social Security and Medicare,7650,,Tools Berry paycheck engine; IRS Rev. Proc. 2025-32; each state's published 2026 income tax and payroll rules
"Take-home pay by state, 2026",2026 rules,Colorado,CO,single,annual salary,100000,state income tax,3692,,Tools Berry paycheck engine; IRS Rev. Proc. 2025-32; each state's published 2026 income tax and payroll rules
"Take-home pay by state, 2026",2026 rules,Colorado,CO,single,annual salary,100000,"state payroll programs (disability, paid leave and similar)",440,,Tools Berry paycheck engine; IRS Rev. Proc. 2025-32; each state's published 2026 income tax and payroll rules
"Take-home pay by state, 2026",2026 rules,Connecticut,CT,single,annual salary,75000,annual take-home pay,57743,,Tools Berry paycheck engine; IRS Rev. Proc. 2025-32; each state's published 2026 income tax and payroll rules
"Take-home pay by state, 2026",2026 rules,Connecticut,CT,single,annual salary,75000,federal income tax,7670,,Tools Berry paycheck engine; IRS Rev. Proc. 2025-32; each state's published 2026 income tax and payroll rules
"Take-home pay by state, 2026",2026 rules,Connecticut,CT,single,annual salary,75000,Social Security and Medicare,5738,,Tools Berry paycheck engine; IRS Rev. Proc. 2025-32; each state's published 2026 income tax and payroll rules
"Take-home pay by state, 2026",2026 rules,Connecticut,CT,single,annual salary,75000,state income tax,3475,,Tools Berry paycheck engine; IRS Rev. Proc. 2025-32; each state's published 2026 income tax and payroll rules
"Take-home pay by state, 2026",2026 rules,Connecticut,CT,single,annual salary,75000,"state payroll programs (disability, paid leave and similar)",375,,Tools Berry paycheck engine; IRS Rev. Proc. 2025-32; each state's published 2026 income tax and payroll rules
"Take-home pay by state, 2026",2026 rules,Connecticut,CT,single,annual salary,100000,annual take-home pay,73705,,Tools Berry paycheck engine; IRS Rev. Proc. 2025-32; each state's published 2026 income tax and payroll rules
"Take-home pay by state, 2026",2026 rules,Connecticut,CT,single,annual salary,100000,federal income tax,13170,,Tools Berry paycheck engine; IRS Rev. Proc. 2025-32; each state's published 2026 income tax and payroll rules
"Take-home pay by state, 2026",2026 rules,Connecticut,CT,single,annual salary,100000,Social Security and Medicare,7650,,Tools Berry paycheck engine; IRS Rev. Proc. 2025-32; each state's published 2026 income tax and payroll rules
"Take-home pay by state, 2026",2026 rules,Connecticut,CT,single,annual salary,100000,state income tax,4975,,Tools Berry paycheck engine; IRS Rev. Proc. 2025-32; each state's published 2026 income tax and payroll rules
"Take-home pay by state, 2026",2026 rules,Connecticut,CT,single,annual salary,100000,"state payroll programs (disability, paid leave and similar)",500,,Tools Berry paycheck engine; IRS Rev. Proc. 2025-32; each state's published 2026 income tax and payroll rules
"Take-home pay by state, 2026",2026 rules,Delaware,DE,single,annual salary,75000,annual take-home pay,57574,,Tools Berry paycheck engine; IRS Rev. Proc. 2025-32; each state's published 2026 income tax and payroll rules
"Take-home pay by state, 2026",2026 rules,Delaware,DE,single,annual salary,75000,federal income tax,7670,,Tools Berry paycheck engine; IRS Rev. Proc. 2025-32; each state's published 2026 income tax and payroll rules
"Take-home pay by state, 2026",2026 rules,Delaware,DE,single,annual salary,75000,Social Security and Medicare,5738,,Tools Berry paycheck engine; IRS Rev. Proc. 2025-32; each state's published 2026 income tax and payroll rules
"Take-home pay by state, 2026",2026 rules,Delaware,DE,single,annual salary,75000,state income tax,3719,,Tools Berry paycheck engine; IRS Rev. Proc. 2025-32; each state's published 2026 income tax and payroll rules
"Take-home pay by state, 2026",2026 rules,Delaware,DE,single,annual salary,75000,"state payroll programs (disability, paid leave and similar)",300,,Tools Berry paycheck engine; IRS Rev. Proc. 2025-32; each state's published 2026 income tax and payroll rules
"Take-home pay by state, 2026",2026 rules,Delaware,DE,single,annual salary,100000,annual take-home pay,73411,,Tools Berry paycheck engine; IRS Rev. Proc. 2025-32; each state's published 2026 income tax and payroll rules
"Take-home pay by state, 2026",2026 rules,Delaware,DE,single,annual salary,100000,federal income tax,13170,,Tools Berry paycheck engine; IRS Rev. Proc. 2025-32; each state's published 2026 income tax and payroll rules
"Take-home pay by state, 2026",2026 rules,Delaware,DE,single,annual salary,100000,Social Security and Medicare,7650,,Tools Berry paycheck engine; IRS Rev. Proc. 2025-32; each state's published 2026 income tax and payroll rules
"Take-home pay by state, 2026",2026 rules,Delaware,DE,single,annual salary,100000,state income tax,5369,,Tools Berry paycheck engine; IRS Rev. Proc. 2025-32; each state's published 2026 income tax and payroll rules
"Take-home pay by state, 2026",2026 rules,Delaware,DE,single,annual salary,100000,"state payroll programs (disability, paid leave and similar)",400,,Tools Berry paycheck engine; IRS Rev. Proc. 2025-32; each state's published 2026 income tax and payroll rules
"Take-home pay by state, 2026",2026 rules (uses 2025 standard deduction; under review),District of Columbia,DC,single,annual salary,75000,annual take-home pay,58093,,Tools Berry paycheck engine; IRS Rev. Proc. 2025-32; each state's published 2026 income tax and payroll rules
"Take-home pay by state, 2026",2026 rules (uses 2025 standard deduction; under review),District of Columbia,DC,single,annual salary,75000,federal income tax,7670,,Tools Berry paycheck engine; IRS Rev. Proc. 2025-32; each state's published 2026 income tax and payroll rules
"Take-home pay by state, 2026",2026 rules (uses 2025 standard deduction; under review),District of Columbia,DC,single,annual salary,75000,Social Security and Medicare,5738,,Tools Berry paycheck engine; IRS Rev. Proc. 2025-32; each state's published 2026 income tax and payroll rules
"Take-home pay by state, 2026",2026 rules (uses 2025 standard deduction; under review),District of Columbia,DC,single,annual salary,75000,state income tax,3500,,Tools Berry paycheck engine; IRS Rev. Proc. 2025-32; each state's published 2026 income tax and payroll rules
"Take-home pay by state, 2026",2026 rules (uses 2025 standard deduction; under review),District of Columbia,DC,single,annual salary,75000,"state payroll programs (disability, paid leave and similar)",0,,Tools Berry paycheck engine; IRS Rev. Proc. 2025-32; each state's published 2026 income tax and payroll rules
"Take-home pay by state, 2026",2026 rules (uses 2025 standard deduction; under review),District of Columbia,DC,single,annual salary,100000,annual take-home pay,73555,,Tools Berry paycheck engine; IRS Rev. Proc. 2025-32; each state's published 2026 income tax and payroll rules
"Take-home pay by state, 2026",2026 rules (uses 2025 standard deduction; under review),District of Columbia,DC,single,annual salary,100000,federal income tax,13170,,Tools Berry paycheck engine; IRS Rev. Proc. 2025-32; each state's published 2026 income tax and payroll rules
"Take-home pay by state, 2026",2026 rules (uses 2025 standard deduction; under review),District of Columbia,DC,single,annual salary,100000,Social Security and Medicare,7650,,Tools Berry paycheck engine; IRS Rev. Proc. 2025-32; each state's published 2026 income tax and payroll rules
"Take-home pay by state, 2026",2026 rules (uses 2025 standard deduction; under review),District of Columbia,DC,single,annual salary,100000,state income tax,5625,,Tools Berry paycheck engine; IRS Rev. Proc. 2025-32; each state's published 2026 income tax and payroll rules
"Take-home pay by state, 2026",2026 rules (uses 2025 standard deduction; under review),District of Columbia,DC,single,annual salary,100000,"state payroll programs (disability, paid leave and similar)",0,,Tools Berry paycheck engine; IRS Rev. Proc. 2025-32; each state's published 2026 income tax and payroll rules
"Take-home pay by state, 2026",2026 rules,Florida,FL,single,annual salary,75000,annual take-home pay,61593,,Tools Berry paycheck engine; IRS Rev. Proc. 2025-32; each state's published 2026 income tax and payroll rules
"Take-home pay by state, 2026",2026 rules,Florida,FL,single,annual salary,75000,federal income tax,7670,,Tools Berry paycheck engine; IRS Rev. Proc. 2025-32; each state's published 2026 income tax and payroll rules
"Take-home pay by state, 2026",2026 rules,Florida,FL,single,annual salary,75000,Social Security and Medicare,5738,,Tools Berry paycheck engine; IRS Rev. Proc. 2025-32; each state's published 2026 income tax and payroll rules
"Take-home pay by state, 2026",2026 rules,Florida,FL,single,annual salary,75000,state income tax,0,,Tools Berry paycheck engine; IRS Rev. Proc. 2025-32; each state's published 2026 income tax and payroll rules
"Take-home pay by state, 2026",2026 rules,Florida,FL,single,annual salary,75000,"state payroll programs (disability, paid leave and similar)",0,,Tools Berry paycheck engine; IRS Rev. Proc. 2025-32; each state's published 2026 income tax and payroll rules
"Take-home pay by state, 2026",2026 rules,Florida,FL,single,annual salary,100000,annual take-home pay,79180,,Tools Berry paycheck engine; IRS Rev. Proc. 2025-32; each state's published 2026 income tax and payroll rules
"Take-home pay by state, 2026",2026 rules,Florida,FL,single,annual salary,100000,federal income tax,13170,,Tools Berry paycheck engine; IRS Rev. Proc. 2025-32; each state's published 2026 income tax and payroll rules
"Take-home pay by state, 2026",2026 rules,Florida,FL,single,annual salary,100000,Social Security and Medicare,7650,,Tools Berry paycheck engine; IRS Rev. Proc. 2025-32; each state's published 2026 income tax and payroll rules
"Take-home pay by state, 2026",2026 rules,Florida,FL,single,annual salary,100000,state income tax,0,,Tools Berry paycheck engine; IRS Rev. Proc. 2025-32; each state's published 2026 income tax and payroll rules
"Take-home pay by state, 2026",2026 rules,Florida,FL,single,annual salary,100000,"state payroll programs (disability, paid leave and similar)",0,,Tools Berry paycheck engine; IRS Rev. Proc. 2025-32; each state's published 2026 income tax and payroll rules
"Take-home pay by state, 2026",2026 rules,Georgia,GA,single,annual salary,75000,annual take-home pay,58599,,Tools Berry paycheck engine; IRS Rev. Proc. 2025-32; each state's published 2026 income tax and payroll rules
"Take-home pay by state, 2026",2026 rules,Georgia,GA,single,annual salary,75000,federal income tax,7670,,Tools Berry paycheck engine; IRS Rev. Proc. 2025-32; each state's published 2026 income tax and payroll rules
"Take-home pay by state, 2026",2026 rules,Georgia,GA,single,annual salary,75000,Social Security and Medicare,5738,,Tools Berry paycheck engine; IRS Rev. Proc. 2025-32; each state's published 2026 income tax and payroll rules
"Take-home pay by state, 2026",2026 rules,Georgia,GA,single,annual salary,75000,state income tax,2994,,Tools Berry paycheck engine; IRS Rev. Proc. 2025-32; each state's published 2026 income tax and payroll rules
"Take-home pay by state, 2026",2026 rules,Georgia,GA,single,annual salary,75000,"state payroll programs (disability, paid leave and similar)",0,,Tools Berry paycheck engine; IRS Rev. Proc. 2025-32; each state's published 2026 income tax and payroll rules
"Take-home pay by state, 2026",2026 rules,Georgia,GA,single,annual salary,100000,annual take-home pay,74939,,Tools Berry paycheck engine; IRS Rev. Proc. 2025-32; each state's published 2026 income tax and payroll rules
"Take-home pay by state, 2026",2026 rules,Georgia,GA,single,annual salary,100000,federal income tax,13170,,Tools Berry paycheck engine; IRS Rev. Proc. 2025-32; each state's published 2026 income tax and payroll rules
"Take-home pay by state, 2026",2026 rules,Georgia,GA,single,annual salary,100000,Social Security and Medicare,7650,,Tools Berry paycheck engine; IRS Rev. Proc. 2025-32; each state's published 2026 income tax and payroll rules
"Take-home pay by state, 2026",2026 rules,Georgia,GA,single,annual salary,100000,state income tax,4242,,Tools Berry paycheck engine; IRS Rev. Proc. 2025-32; each state's published 2026 income tax and payroll rules
"Take-home pay by state, 2026",2026 rules,Georgia,GA,single,annual salary,100000,"state payroll programs (disability, paid leave and similar)",0,,Tools Berry paycheck engine; IRS Rev. Proc. 2025-32; each state's published 2026 income tax and payroll rules
"Take-home pay by state, 2026",2026 rules,Hawaii,HI,single,annual salary,75000,annual take-home pay,57234,,Tools Berry paycheck engine; IRS Rev. Proc. 2025-32; each state's published 2026 income tax and payroll rules
"Take-home pay by state, 2026",2026 rules,Hawaii,HI,single,annual salary,75000,federal income tax,7670,,Tools Berry paycheck engine; IRS Rev. Proc. 2025-32; each state's published 2026 income tax and payroll rules
"Take-home pay by state, 2026",2026 rules,Hawaii,HI,single,annual salary,75000,Social Security and Medicare,5738,,Tools Berry paycheck engine; IRS Rev. Proc. 2025-32; each state's published 2026 income tax and payroll rules
"Take-home pay by state, 2026",2026 rules,Hawaii,HI,single,annual salary,75000,state income tax,3983,,Tools Berry paycheck engine; IRS Rev. Proc. 2025-32; each state's published 2026 income tax and payroll rules
"Take-home pay by state, 2026",2026 rules,Hawaii,HI,single,annual salary,75000,"state payroll programs (disability, paid leave and similar)",375,,Tools Berry paycheck engine; IRS Rev. Proc. 2025-32; each state's published 2026 income tax and payroll rules
"Take-home pay by state, 2026",2026 rules,Hawaii,HI,single,annual salary,100000,annual take-home pay,72907,,Tools Berry paycheck engine; IRS Rev. Proc. 2025-32; each state's published 2026 income tax and payroll rules
"Take-home pay by state, 2026",2026 rules,Hawaii,HI,single,annual salary,100000,federal income tax,13170,,Tools Berry paycheck engine; IRS Rev. Proc. 2025-32; each state's published 2026 income tax and payroll rules
"Take-home pay by state, 2026",2026 rules,Hawaii,HI,single,annual salary,100000,Social Security and Medicare,7650,,Tools Berry paycheck engine; IRS Rev. Proc. 2025-32; each state's published 2026 income tax and payroll rules
"Take-home pay by state, 2026",2026 rules,Hawaii,HI,single,annual salary,100000,state income tax,5883,,Tools Berry paycheck engine; IRS Rev. Proc. 2025-32; each state's published 2026 income tax and payroll rules
"Take-home pay by state, 2026",2026 rules,Hawaii,HI,single,annual salary,100000,"state payroll programs (disability, paid leave and similar)",390,,Tools Berry paycheck engine; IRS Rev. Proc. 2025-32; each state's published 2026 income tax and payroll rules
"Take-home pay by state, 2026",2026 rules (uses 2025 brackets),Idaho,ID,single,annual salary,75000,annual take-home pay,58726,,Tools Berry paycheck engine; IRS Rev. Proc. 2025-32; each state's published 2026 income tax and payroll rules
"Take-home pay by state, 2026",2026 rules (uses 2025 brackets),Idaho,ID,single,annual salary,75000,federal income tax,7670,,Tools Berry paycheck engine; IRS Rev. Proc. 2025-32; each state's published 2026 income tax and payroll rules
"Take-home pay by state, 2026",2026 rules (uses 2025 brackets),Idaho,ID,single,annual salary,75000,Social Security and Medicare,5738,,Tools Berry paycheck engine; IRS Rev. Proc. 2025-32; each state's published 2026 income tax and payroll rules
"Take-home pay by state, 2026",2026 rules (uses 2025 brackets),Idaho,ID,single,annual salary,75000,state income tax,2867,,Tools Berry paycheck engine; IRS Rev. Proc. 2025-32; each state's published 2026 income tax and payroll rules
"Take-home pay by state, 2026",2026 rules (uses 2025 brackets),Idaho,ID,single,annual salary,75000,"state payroll programs (disability, paid leave and similar)",0,,Tools Berry paycheck engine; IRS Rev. Proc. 2025-32; each state's published 2026 income tax and payroll rules
"Take-home pay by state, 2026",2026 rules (uses 2025 brackets),Idaho,ID,single,annual salary,100000,annual take-home pay,74988,,Tools Berry paycheck engine; IRS Rev. Proc. 2025-32; each state's published 2026 income tax and payroll rules
"Take-home pay by state, 2026",2026 rules (uses 2025 brackets),Idaho,ID,single,annual salary,100000,federal income tax,13170,,Tools Berry paycheck engine; IRS Rev. Proc. 2025-32; each state's published 2026 income tax and payroll rules
"Take-home pay by state, 2026",2026 rules (uses 2025 brackets),Idaho,ID,single,annual salary,100000,Social Security and Medicare,7650,,Tools Berry paycheck engine; IRS Rev. Proc. 2025-32; each state's published 2026 income tax and payroll rules
"Take-home pay by state, 2026",2026 rules (uses 2025 brackets),Idaho,ID,single,annual salary,100000,state income tax,4192,,Tools Berry paycheck engine; IRS Rev. Proc. 2025-32; each state's published 2026 income tax and payroll rules
"Take-home pay by state, 2026",2026 rules (uses 2025 brackets),Idaho,ID,single,annual salary,100000,"state payroll programs (disability, paid leave and similar)",0,,Tools Berry paycheck engine; IRS Rev. Proc. 2025-32; each state's published 2026 income tax and payroll rules
"Take-home pay by state, 2026",2026 rules,Illinois,IL,single,annual salary,75000,annual take-home pay,58025,,Tools Berry paycheck engine; IRS Rev. Proc. 2025-32; each state's published 2026 income tax and payroll rules
"Take-home pay by state, 2026",2026 rules,Illinois,IL,single,annual salary,75000,federal income tax,7670,,Tools Berry paycheck engine; IRS Rev. Proc. 2025-32; each state's published 2026 income tax and payroll rules
"Take-home pay by state, 2026",2026 rules,Illinois,IL,single,annual salary,75000,Social Security and Medicare,5738,,Tools Berry paycheck engine; IRS Rev. Proc. 2025-32; each state's published 2026 income tax and payroll rules
"Take-home pay by state, 2026",2026 rules,Illinois,IL,single,annual salary,75000,state income tax,3568,,Tools Berry paycheck engine; IRS Rev. Proc. 2025-32; each state's published 2026 income tax and payroll rules
"Take-home pay by state, 2026",2026 rules,Illinois,IL,single,annual salary,75000,"state payroll programs (disability, paid leave and similar)",0,,Tools Berry paycheck engine; IRS Rev. Proc. 2025-32; each state's published 2026 income tax and payroll rules
"Take-home pay by state, 2026",2026 rules,Illinois,IL,single,annual salary,100000,annual take-home pay,74375,,Tools Berry paycheck engine; IRS Rev. Proc. 2025-32; each state's published 2026 income tax and payroll rules
"Take-home pay by state, 2026",2026 rules,Illinois,IL,single,annual salary,100000,federal income tax,13170,,Tools Berry paycheck engine; IRS Rev. Proc. 2025-32; each state's published 2026 income tax and payroll rules
"Take-home pay by state, 2026",2026 rules,Illinois,IL,single,annual salary,100000,Social Security and Medicare,7650,,Tools Berry paycheck engine; IRS Rev. Proc. 2025-32; each state's published 2026 income tax and payroll rules
"Take-home pay by state, 2026",2026 rules,Illinois,IL,single,annual salary,100000,state income tax,4805,,Tools Berry paycheck engine; IRS Rev. Proc. 2025-32; each state's published 2026 income tax and payroll rules
"Take-home pay by state, 2026",2026 rules,Illinois,IL,single,annual salary,100000,"state payroll programs (disability, paid leave and similar)",0,,Tools Berry paycheck engine; IRS Rev. Proc. 2025-32; each state's published 2026 income tax and payroll rules
"Take-home pay by state, 2026",2026 rules,Indiana,IN,single,annual salary,75000,annual take-home pay,59410,,Tools Berry paycheck engine; IRS Rev. Proc. 2025-32; each state's published 2026 income tax and payroll rules
"Take-home pay by state, 2026",2026 rules,Indiana,IN,single,annual salary,75000,federal income tax,7670,,Tools Berry paycheck engine; IRS Rev. Proc. 2025-32; each state's published 2026 income tax and payroll rules
"Take-home pay by state, 2026",2026 rules,Indiana,IN,single,annual salary,75000,Social Security and Medicare,5738,,Tools Berry paycheck engine; IRS Rev. Proc. 2025-32; each state's published 2026 income tax and payroll rules
"Take-home pay by state, 2026",2026 rules,Indiana,IN,single,annual salary,75000,state income tax,2183,,Tools Berry paycheck engine; IRS Rev. Proc. 2025-32; each state's published 2026 income tax and payroll rules
"Take-home pay by state, 2026",2026 rules,Indiana,IN,single,annual salary,75000,"state payroll programs (disability, paid leave and similar)",0,,Tools Berry paycheck engine; IRS Rev. Proc. 2025-32; each state's published 2026 income tax and payroll rules
"Take-home pay by state, 2026",2026 rules,Indiana,IN,single,annual salary,100000,annual take-home pay,76260,,Tools Berry paycheck engine; IRS Rev. Proc. 2025-32; each state's published 2026 income tax and payroll rules
"Take-home pay by state, 2026",2026 rules,Indiana,IN,single,annual salary,100000,federal income tax,13170,,Tools Berry paycheck engine; IRS Rev. Proc. 2025-32; each state's published 2026 income tax and payroll rules
"Take-home pay by state, 2026",2026 rules,Indiana,IN,single,annual salary,100000,Social Security and Medicare,7650,,Tools Berry paycheck engine; IRS Rev. Proc. 2025-32; each state's published 2026 income tax and payroll rules
"Take-home pay by state, 2026",2026 rules,Indiana,IN,single,annual salary,100000,state income tax,2921,,Tools Berry paycheck engine; IRS Rev. Proc. 2025-32; each state's published 2026 income tax and payroll rules
"Take-home pay by state, 2026",2026 rules,Indiana,IN,single,annual salary,100000,"state payroll programs (disability, paid leave and similar)",0,,Tools Berry paycheck engine; IRS Rev. Proc. 2025-32; each state's published 2026 income tax and payroll rules
"Take-home pay by state, 2026",2026 rules,Iowa,IA,single,annual salary,75000,annual take-home pay,59354,,Tools Berry paycheck engine; IRS Rev. Proc. 2025-32; each state's published 2026 income tax and payroll rules
"Take-home pay by state, 2026",2026 rules,Iowa,IA,single,annual salary,75000,federal income tax,7670,,Tools Berry paycheck engine; IRS Rev. Proc. 2025-32; each state's published 2026 income tax and payroll rules
"Take-home pay by state, 2026",2026 rules,Iowa,IA,single,annual salary,75000,Social Security and Medicare,5738,,Tools Berry paycheck engine; IRS Rev. Proc. 2025-32; each state's published 2026 income tax and payroll rules
"Take-home pay by state, 2026",2026 rules,Iowa,IA,single,annual salary,75000,state income tax,2238,,Tools Berry paycheck engine; IRS Rev. Proc. 2025-32; each state's published 2026 income tax and payroll rules
"Take-home pay by state, 2026",2026 rules,Iowa,IA,single,annual salary,75000,"state payroll programs (disability, paid leave and similar)",0,,Tools Berry paycheck engine; IRS Rev. Proc. 2025-32; each state's published 2026 income tax and payroll rules
"Take-home pay by state, 2026",2026 rules,Iowa,IA,single,annual salary,100000,annual take-home pay,75992,,Tools Berry paycheck engine; IRS Rev. Proc. 2025-32; each state's published 2026 income tax and payroll rules
"Take-home pay by state, 2026",2026 rules,Iowa,IA,single,annual salary,100000,federal income tax,13170,,Tools Berry paycheck engine; IRS Rev. Proc. 2025-32; each state's published 2026 income tax and payroll rules
"Take-home pay by state, 2026",2026 rules,Iowa,IA,single,annual salary,100000,Social Security and Medicare,7650,,Tools Berry paycheck engine; IRS Rev. Proc. 2025-32; each state's published 2026 income tax and payroll rules
"Take-home pay by state, 2026",2026 rules,Iowa,IA,single,annual salary,100000,state income tax,3188,,Tools Berry paycheck engine; IRS Rev. Proc. 2025-32; each state's published 2026 income tax and payroll rules
"Take-home pay by state, 2026",2026 rules,Iowa,IA,single,annual salary,100000,"state payroll programs (disability, paid leave and similar)",0,,Tools Berry paycheck engine; IRS Rev. Proc. 2025-32; each state's published 2026 income tax and payroll rules
"Take-home pay by state, 2026",2026 rules,Kansas,KS,single,annual salary,75000,annual take-home pay,57696,,Tools Berry paycheck engine; IRS Rev. Proc. 2025-32; each state's published 2026 income tax and payroll rules
"Take-home pay by state, 2026",2026 rules,Kansas,KS,single,annual salary,75000,federal income tax,7670,,Tools Berry paycheck engine; IRS Rev. Proc. 2025-32; each state's published 2026 income tax and payroll rules
"Take-home pay by state, 2026",2026 rules,Kansas,KS,single,annual salary,75000,Social Security and Medicare,5738,,Tools Berry paycheck engine; IRS Rev. Proc. 2025-32; each state's published 2026 income tax and payroll rules
"Take-home pay by state, 2026",2026 rules,Kansas,KS,single,annual salary,75000,state income tax,3896,,Tools Berry paycheck engine; IRS Rev. Proc. 2025-32; each state's published 2026 income tax and payroll rules
"Take-home pay by state, 2026",2026 rules,Kansas,KS,single,annual salary,75000,"state payroll programs (disability, paid leave and similar)",0,,Tools Berry paycheck engine; IRS Rev. Proc. 2025-32; each state's published 2026 income tax and payroll rules
"Take-home pay by state, 2026",2026 rules,Kansas,KS,single,annual salary,100000,annual take-home pay,73889,,Tools Berry paycheck engine; IRS Rev. Proc. 2025-32; each state's published 2026 income tax and payroll rules
"Take-home pay by state, 2026",2026 rules,Kansas,KS,single,annual salary,100000,federal income tax,13170,,Tools Berry paycheck engine; IRS Rev. Proc. 2025-32; each state's published 2026 income tax and payroll rules
"Take-home pay by state, 2026",2026 rules,Kansas,KS,single,annual salary,100000,Social Security and Medicare,7650,,Tools Berry paycheck engine; IRS Rev. Proc. 2025-32; each state's published 2026 income tax and payroll rules
"Take-home pay by state, 2026",2026 rules,Kansas,KS,single,annual salary,100000,state income tax,5291,,Tools Berry paycheck engine; IRS Rev. Proc. 2025-32; each state's published 2026 income tax and payroll rules
"Take-home pay by state, 2026",2026 rules,Kansas,KS,single,annual salary,100000,"state payroll programs (disability, paid leave and similar)",0,,Tools Berry paycheck engine; IRS Rev. Proc. 2025-32; each state's published 2026 income tax and payroll rules
"Take-home pay by state, 2026",2026 rules,Kentucky,KY,single,annual salary,75000,annual take-home pay,59085,,Tools Berry paycheck engine; IRS Rev. Proc. 2025-32; each state's published 2026 income tax and payroll rules
"Take-home pay by state, 2026",2026 rules,Kentucky,KY,single,annual salary,75000,federal income tax,7670,,Tools Berry paycheck engine; IRS Rev. Proc. 2025-32; each state's published 2026 income tax and payroll rules
"Take-home pay by state, 2026",2026 rules,Kentucky,KY,single,annual salary,75000,Social Security and Medicare,5738,,Tools Berry paycheck engine; IRS Rev. Proc. 2025-32; each state's published 2026 income tax and payroll rules
"Take-home pay by state, 2026",2026 rules,Kentucky,KY,single,annual salary,75000,state income tax,2507,,Tools Berry paycheck engine; IRS Rev. Proc. 2025-32; each state's published 2026 income tax and payroll rules
"Take-home pay by state, 2026",2026 rules,Kentucky,KY,single,annual salary,75000,"state payroll programs (disability, paid leave and similar)",0,,Tools Berry paycheck engine; IRS Rev. Proc. 2025-32; each state's published 2026 income tax and payroll rules
"Take-home pay by state, 2026",2026 rules,Kentucky,KY,single,annual salary,100000,annual take-home pay,75798,,Tools Berry paycheck engine; IRS Rev. Proc. 2025-32; each state's published 2026 income tax and payroll rules
"Take-home pay by state, 2026",2026 rules,Kentucky,KY,single,annual salary,100000,federal income tax,13170,,Tools Berry paycheck engine; IRS Rev. Proc. 2025-32; each state's published 2026 income tax and payroll rules
"Take-home pay by state, 2026",2026 rules,Kentucky,KY,single,annual salary,100000,Social Security and Medicare,7650,,Tools Berry paycheck engine; IRS Rev. Proc. 2025-32; each state's published 2026 income tax and payroll rules
"Take-home pay by state, 2026",2026 rules,Kentucky,KY,single,annual salary,100000,state income tax,3382,,Tools Berry paycheck engine; IRS Rev. Proc. 2025-32; each state's published 2026 income tax and payroll rules
"Take-home pay by state, 2026",2026 rules,Kentucky,KY,single,annual salary,100000,"state payroll programs (disability, paid leave and similar)",0,,Tools Berry paycheck engine; IRS Rev. Proc. 2025-32; each state's published 2026 income tax and payroll rules
"Take-home pay by state, 2026",2026 rules,Louisiana,LA,single,annual salary,75000,annual take-home pay,59729,,Tools Berry paycheck engine; IRS Rev. Proc. 2025-32; each state's published 2026 income tax and payroll rules
"Take-home pay by state, 2026",2026 rules,Louisiana,LA,single,annual salary,75000,federal income tax,7670,,Tools Berry paycheck engine; IRS Rev. Proc. 2025-32; each state's published 2026 income tax and payroll rules
"Take-home pay by state, 2026",2026 rules,Louisiana,LA,single,annual salary,75000,Social Security and Medicare,5738,,Tools Berry paycheck engine; IRS Rev. Proc. 2025-32; each state's published 2026 income tax and payroll rules
"Take-home pay by state, 2026",2026 rules,Louisiana,LA,single,annual salary,75000,state income tax,1864,,Tools Berry paycheck engine; IRS Rev. Proc. 2025-32; each state's published 2026 income tax and payroll rules
"Take-home pay by state, 2026",2026 rules,Louisiana,LA,single,annual salary,75000,"state payroll programs (disability, paid leave and similar)",0,,Tools Berry paycheck engine; IRS Rev. Proc. 2025-32; each state's published 2026 income tax and payroll rules
"Take-home pay by state, 2026",2026 rules,Louisiana,LA,single,annual salary,100000,annual take-home pay,76566,,Tools Berry paycheck engine; IRS Rev. Proc. 2025-32; each state's published 2026 income tax and payroll rules
"Take-home pay by state, 2026",2026 rules,Louisiana,LA,single,annual salary,100000,federal income tax,13170,,Tools Berry paycheck engine; IRS Rev. Proc. 2025-32; each state's published 2026 income tax and payroll rules
"Take-home pay by state, 2026",2026 rules,Louisiana,LA,single,annual salary,100000,Social Security and Medicare,7650,,Tools Berry paycheck engine; IRS Rev. Proc. 2025-32; each state's published 2026 income tax and payroll rules
"Take-home pay by state, 2026",2026 rules,Louisiana,LA,single,annual salary,100000,state income tax,2614,,Tools Berry paycheck engine; IRS Rev. Proc. 2025-32; each state's published 2026 income tax and payroll rules
"Take-home pay by state, 2026",2026 rules,Louisiana,LA,single,annual salary,100000,"state payroll programs (disability, paid leave and similar)",0,,Tools Berry paycheck engine; IRS Rev. Proc. 2025-32; each state's published 2026 income tax and payroll rules
"Take-home pay by state, 2026",2026 rules,Maine,ME,single,annual salary,75000,annual take-home pay,57475,,Tools Berry paycheck engine; IRS Rev. Proc. 2025-32; each state's published 2026 income tax and payroll rules
"Take-home pay by state, 2026",2026 rules,Maine,ME,single,annual salary,75000,federal income tax,7670,,Tools Berry paycheck engine; IRS Rev. Proc. 2025-32; each state's published 2026 income tax and payroll rules
"Take-home pay by state, 2026",2026 rules,Maine,ME,single,annual salary,75000,Social Security and Medicare,5738,,Tools Berry paycheck engine; IRS Rev. Proc. 2025-32; each state's published 2026 income tax and payroll rules
"Take-home pay by state, 2026",2026 rules,Maine,ME,single,annual salary,75000,state income tax,3742,,Tools Berry paycheck engine; IRS Rev. Proc. 2025-32; each state's published 2026 income tax and payroll rules
"Take-home pay by state, 2026",2026 rules,Maine,ME,single,annual salary,75000,"state payroll programs (disability, paid leave and similar)",375,,Tools Berry paycheck engine; IRS Rev. Proc. 2025-32; each state's published 2026 income tax and payroll rules
"Take-home pay by state, 2026",2026 rules,Maine,ME,single,annual salary,100000,annual take-home pay,73172,,Tools Berry paycheck engine; IRS Rev. Proc. 2025-32; each state's published 2026 income tax and payroll rules
"Take-home pay by state, 2026",2026 rules,Maine,ME,single,annual salary,100000,federal income tax,13170,,Tools Berry paycheck engine; IRS Rev. Proc. 2025-32; each state's published 2026 income tax and payroll rules
"Take-home pay by state, 2026",2026 rules,Maine,ME,single,annual salary,100000,Social Security and Medicare,7650,,Tools Berry paycheck engine; IRS Rev. Proc. 2025-32; each state's published 2026 income tax and payroll rules
"Take-home pay by state, 2026",2026 rules,Maine,ME,single,annual salary,100000,state income tax,5508,,Tools Berry paycheck engine; IRS Rev. Proc. 2025-32; each state's published 2026 income tax and payroll rules
"Take-home pay by state, 2026",2026 rules,Maine,ME,single,annual salary,100000,"state payroll programs (disability, paid leave and similar)",500,,Tools Berry paycheck engine; IRS Rev. Proc. 2025-32; each state's published 2026 income tax and payroll rules
"Take-home pay by state, 2026",2026 rules (uses 2025 standard deduction),Maryland,MD,single,annual salary,75000,annual take-home pay,58242,,Tools Berry paycheck engine; IRS Rev. Proc. 2025-32; each state's published 2026 income tax and payroll rules
"Take-home pay by state, 2026",2026 rules (uses 2025 standard deduction),Maryland,MD,single,annual salary,75000,federal income tax,7670,,Tools Berry paycheck engine; IRS Rev. Proc. 2025-32; each state's published 2026 income tax and payroll rules
"Take-home pay by state, 2026",2026 rules (uses 2025 standard deduction),Maryland,MD,single,annual salary,75000,Social Security and Medicare,5738,,Tools Berry paycheck engine; IRS Rev. Proc. 2025-32; each state's published 2026 income tax and payroll rules
"Take-home pay by state, 2026",2026 rules (uses 2025 standard deduction),Maryland,MD,single,annual salary,75000,state income tax,3351,,Tools Berry paycheck engine; IRS Rev. Proc. 2025-32; each state's published 2026 income tax and payroll rules
"Take-home pay by state, 2026",2026 rules (uses 2025 standard deduction),Maryland,MD,single,annual salary,75000,"state payroll programs (disability, paid leave and similar)",0,,Tools Berry paycheck engine; IRS Rev. Proc. 2025-32; each state's published 2026 income tax and payroll rules
"Take-home pay by state, 2026",2026 rules (uses 2025 standard deduction),Maryland,MD,single,annual salary,100000,annual take-home pay,74642,,Tools Berry paycheck engine; IRS Rev. Proc. 2025-32; each state's published 2026 income tax and payroll rules
"Take-home pay by state, 2026",2026 rules (uses 2025 standard deduction),Maryland,MD,single,annual salary,100000,federal income tax,13170,,Tools Berry paycheck engine; IRS Rev. Proc. 2025-32; each state's published 2026 income tax and payroll rules
"Take-home pay by state, 2026",2026 rules (uses 2025 standard deduction),Maryland,MD,single,annual salary,100000,Social Security and Medicare,7650,,Tools Berry paycheck engine; IRS Rev. Proc. 2025-32; each state's published 2026 income tax and payroll rules
"Take-home pay by state, 2026",2026 rules (uses 2025 standard deduction),Maryland,MD,single,annual salary,100000,state income tax,4538,,Tools Berry paycheck engine; IRS Rev. Proc. 2025-32; each state's published 2026 income tax and payroll rules
"Take-home pay by state, 2026",2026 rules (uses 2025 standard deduction),Maryland,MD,single,annual salary,100000,"state payroll programs (disability, paid leave and similar)",0,,Tools Berry paycheck engine; IRS Rev. Proc. 2025-32; each state's published 2026 income tax and payroll rules
"Take-home pay by state, 2026",2026 rules,Massachusetts,MA,single,annual salary,75000,annual take-home pay,57818,,Tools Berry paycheck engine; IRS Rev. Proc. 2025-32; each state's published 2026 income tax and payroll rules
"Take-home pay by state, 2026",2026 rules,Massachusetts,MA,single,annual salary,75000,federal income tax,7670,,Tools Berry paycheck engine; IRS Rev. Proc. 2025-32; each state's published 2026 income tax and payroll rules
"Take-home pay by state, 2026",2026 rules,Massachusetts,MA,single,annual salary,75000,Social Security and Medicare,5738,,Tools Berry paycheck engine; IRS Rev. Proc. 2025-32; each state's published 2026 income tax and payroll rules
"Take-home pay by state, 2026",2026 rules,Massachusetts,MA,single,annual salary,75000,state income tax,3430,,Tools Berry paycheck engine; IRS Rev. Proc. 2025-32; each state's published 2026 income tax and payroll rules
"Take-home pay by state, 2026",2026 rules,Massachusetts,MA,single,annual salary,75000,"state payroll programs (disability, paid leave and similar)",345,,Tools Berry paycheck engine; IRS Rev. Proc. 2025-32; each state's published 2026 income tax and payroll rules
"Take-home pay by state, 2026",2026 rules,Massachusetts,MA,single,annual salary,100000,annual take-home pay,74040,,Tools Berry paycheck engine; IRS Rev. Proc. 2025-32; each state's published 2026 income tax and payroll rules
"Take-home pay by state, 2026",2026 rules,Massachusetts,MA,single,annual salary,100000,federal income tax,13170,,Tools Berry paycheck engine; IRS Rev. Proc. 2025-32; each state's published 2026 income tax and payroll rules
"Take-home pay by state, 2026",2026 rules,Massachusetts,MA,single,annual salary,100000,Social Security and Medicare,7650,,Tools Berry paycheck engine; IRS Rev. Proc. 2025-32; each state's published 2026 income tax and payroll rules
"Take-home pay by state, 2026",2026 rules,Massachusetts,MA,single,annual salary,100000,state income tax,4680,,Tools Berry paycheck engine; IRS Rev. Proc. 2025-32; each state's published 2026 income tax and payroll rules
"Take-home pay by state, 2026",2026 rules,Massachusetts,MA,single,annual salary,100000,"state payroll programs (disability, paid leave and similar)",460,,Tools Berry paycheck engine; IRS Rev. Proc. 2025-32; each state's published 2026 income tax and payroll rules
"Take-home pay by state, 2026",2026 rules,Michigan,MI,single,annual salary,75000,annual take-home pay,58656,,Tools Berry paycheck engine; IRS Rev. Proc. 2025-32; each state's published 2026 income tax and payroll rules
"Take-home pay by state, 2026",2026 rules,Michigan,MI,single,annual salary,75000,federal income tax,7670,,Tools Berry paycheck engine; IRS Rev. Proc. 2025-32; each state's published 2026 income tax and payroll rules
"Take-home pay by state, 2026",2026 rules,Michigan,MI,single,annual salary,75000,Social Security and Medicare,5738,,Tools Berry paycheck engine; IRS Rev. Proc. 2025-32; each state's published 2026 income tax and payroll rules
"Take-home pay by state, 2026",2026 rules,Michigan,MI,single,annual salary,75000,state income tax,2937,,Tools Berry paycheck engine; IRS Rev. Proc. 2025-32; each state's published 2026 income tax and payroll rules
"Take-home pay by state, 2026",2026 rules,Michigan,MI,single,annual salary,75000,"state payroll programs (disability, paid leave and similar)",0,,Tools Berry paycheck engine; IRS Rev. Proc. 2025-32; each state's published 2026 income tax and payroll rules
"Take-home pay by state, 2026",2026 rules,Michigan,MI,single,annual salary,100000,annual take-home pay,75181,,Tools Berry paycheck engine; IRS Rev. Proc. 2025-32; each state's published 2026 income tax and payroll rules
"Take-home pay by state, 2026",2026 rules,Michigan,MI,single,annual salary,100000,federal income tax,13170,,Tools Berry paycheck engine; IRS Rev. Proc. 2025-32; each state's published 2026 income tax and payroll rules
"Take-home pay by state, 2026",2026 rules,Michigan,MI,single,annual salary,100000,Social Security and Medicare,7650,,Tools Berry paycheck engine; IRS Rev. Proc. 2025-32; each state's published 2026 income tax and payroll rules
"Take-home pay by state, 2026",2026 rules,Michigan,MI,single,annual salary,100000,state income tax,3999,,Tools Berry paycheck engine; IRS Rev. Proc. 2025-32; each state's published 2026 income tax and payroll rules
"Take-home pay by state, 2026",2026 rules,Michigan,MI,single,annual salary,100000,"state payroll programs (disability, paid leave and similar)",0,,Tools Berry paycheck engine; IRS Rev. Proc. 2025-32; each state's published 2026 income tax and payroll rules
"Take-home pay by state, 2026",2026 rules,Minnesota,MN,single,annual salary,75000,annual take-home pay,57686,,Tools Berry paycheck engine; IRS Rev. Proc. 2025-32; each state's published 2026 income tax and payroll rules
"Take-home pay by state, 2026",2026 rules,Minnesota,MN,single,annual salary,75000,federal income tax,7670,,Tools Berry paycheck engine; IRS Rev. Proc. 2025-32; each state's published 2026 income tax and payroll rules
"Take-home pay by state, 2026",2026 rules,Minnesota,MN,single,annual salary,75000,Social Security and Medicare,5738,,Tools Berry paycheck engine; IRS Rev. Proc. 2025-32; each state's published 2026 income tax and payroll rules
"Take-home pay by state, 2026",2026 rules,Minnesota,MN,single,annual salary,75000,state income tax,3577,,Tools Berry paycheck engine; IRS Rev. Proc. 2025-32; each state's published 2026 income tax and payroll rules
"Take-home pay by state, 2026",2026 rules,Minnesota,MN,single,annual salary,75000,"state payroll programs (disability, paid leave and similar)",330,,Tools Berry paycheck engine; IRS Rev. Proc. 2025-32; each state's published 2026 income tax and payroll rules
"Take-home pay by state, 2026",2026 rules,Minnesota,MN,single,annual salary,100000,annual take-home pay,73463,,Tools Berry paycheck engine; IRS Rev. Proc. 2025-32; each state's published 2026 income tax and payroll rules
"Take-home pay by state, 2026",2026 rules,Minnesota,MN,single,annual salary,100000,federal income tax,13170,,Tools Berry paycheck engine; IRS Rev. Proc. 2025-32; each state's published 2026 income tax and payroll rules
"Take-home pay by state, 2026",2026 rules,Minnesota,MN,single,annual salary,100000,Social Security and Medicare,7650,,Tools Berry paycheck engine; IRS Rev. Proc. 2025-32; each state's published 2026 income tax and payroll rules
"Take-home pay by state, 2026",2026 rules,Minnesota,MN,single,annual salary,100000,state income tax,5277,,Tools Berry paycheck engine; IRS Rev. Proc. 2025-32; each state's published 2026 income tax and payroll rules
"Take-home pay by state, 2026",2026 rules,Minnesota,MN,single,annual salary,100000,"state payroll programs (disability, paid leave and similar)",440,,Tools Berry paycheck engine; IRS Rev. Proc. 2025-32; each state's published 2026 income tax and payroll rules
"Take-home pay by state, 2026",2026 rules,Mississippi,MS,single,annual salary,75000,annual take-home pay,59325,,Tools Berry paycheck engine; IRS Rev. Proc. 2025-32; each state's published 2026 income tax and payroll rules
"Take-home pay by state, 2026",2026 rules,Mississippi,MS,single,annual salary,75000,federal income tax,7670,,Tools Berry paycheck engine; IRS Rev. Proc. 2025-32; each state's published 2026 income tax and payroll rules
"Take-home pay by state, 2026",2026 rules,Mississippi,MS,single,annual salary,75000,Social Security and Medicare,5738,,Tools Berry paycheck engine; IRS Rev. Proc. 2025-32; each state's published 2026 income tax and payroll rules
"Take-home pay by state, 2026",2026 rules,Mississippi,MS,single,annual salary,75000,state income tax,2268,,Tools Berry paycheck engine; IRS Rev. Proc. 2025-32; each state's published 2026 income tax and payroll rules
"Take-home pay by state, 2026",2026 rules,Mississippi,MS,single,annual salary,75000,"state payroll programs (disability, paid leave and similar)",0,,Tools Berry paycheck engine; IRS Rev. Proc. 2025-32; each state's published 2026 income tax and payroll rules
"Take-home pay by state, 2026",2026 rules,Mississippi,MS,single,annual salary,100000,annual take-home pay,75912,,Tools Berry paycheck engine; IRS Rev. Proc. 2025-32; each state's published 2026 income tax and payroll rules
"Take-home pay by state, 2026",2026 rules,Mississippi,MS,single,annual salary,100000,federal income tax,13170,,Tools Berry paycheck engine; IRS Rev. Proc. 2025-32; each state's published 2026 income tax and payroll rules
"Take-home pay by state, 2026",2026 rules,Mississippi,MS,single,annual salary,100000,Social Security and Medicare,7650,,Tools Berry paycheck engine; IRS Rev. Proc. 2025-32; each state's published 2026 income tax and payroll rules
"Take-home pay by state, 2026",2026 rules,Mississippi,MS,single,annual salary,100000,state income tax,3268,,Tools Berry paycheck engine; IRS Rev. Proc. 2025-32; each state's published 2026 income tax and payroll rules
"Take-home pay by state, 2026",2026 rules,Mississippi,MS,single,annual salary,100000,"state payroll programs (disability, paid leave and similar)",0,,Tools Berry paycheck engine; IRS Rev. Proc. 2025-32; each state's published 2026 income tax and payroll rules
"Take-home pay by state, 2026",2026 rules,Missouri,MO,single,annual salary,75000,annual take-home pay,59005,,Tools Berry paycheck engine; IRS Rev. Proc. 2025-32; each state's published 2026 income tax and payroll rules
"Take-home pay by state, 2026",2026 rules,Missouri,MO,single,annual salary,75000,federal income tax,7670,,Tools Berry paycheck engine; IRS Rev. Proc. 2025-32; each state's published 2026 income tax and payroll rules
"Take-home pay by state, 2026",2026 rules,Missouri,MO,single,annual salary,75000,Social Security and Medicare,5738,,Tools Berry paycheck engine; IRS Rev. Proc. 2025-32; each state's published 2026 income tax and payroll rules
"Take-home pay by state, 2026",2026 rules,Missouri,MO,single,annual salary,75000,state income tax,2588,,Tools Berry paycheck engine; IRS Rev. Proc. 2025-32; each state's published 2026 income tax and payroll rules
"Take-home pay by state, 2026",2026 rules,Missouri,MO,single,annual salary,75000,"state payroll programs (disability, paid leave and similar)",0,,Tools Berry paycheck engine; IRS Rev. Proc. 2025-32; each state's published 2026 income tax and payroll rules
"Take-home pay by state, 2026",2026 rules,Missouri,MO,single,annual salary,100000,annual take-home pay,75417,,Tools Berry paycheck engine; IRS Rev. Proc. 2025-32; each state's published 2026 income tax and payroll rules
"Take-home pay by state, 2026",2026 rules,Missouri,MO,single,annual salary,100000,federal income tax,13170,,Tools Berry paycheck engine; IRS Rev. Proc. 2025-32; each state's published 2026 income tax and payroll rules
"Take-home pay by state, 2026",2026 rules,Missouri,MO,single,annual salary,100000,Social Security and Medicare,7650,,Tools Berry paycheck engine; IRS Rev. Proc. 2025-32; each state's published 2026 income tax and payroll rules
"Take-home pay by state, 2026",2026 rules,Missouri,MO,single,annual salary,100000,state income tax,3763,,Tools Berry paycheck engine; IRS Rev. Proc. 2025-32; each state's published 2026 income tax and payroll rules
"Take-home pay by state, 2026",2026 rules,Missouri,MO,single,annual salary,100000,"state payroll programs (disability, paid leave and similar)",0,,Tools Berry paycheck engine; IRS Rev. Proc. 2025-32; each state's published 2026 income tax and payroll rules
"Take-home pay by state, 2026",2026 rules,Montana,MT,single,annual salary,75000,annual take-home pay,58716,,Tools Berry paycheck engine; IRS Rev. Proc. 2025-32; each state's published 2026 income tax and payroll rules
"Take-home pay by state, 2026",2026 rules,Montana,MT,single,annual salary,75000,federal income tax,7670,,Tools Berry paycheck engine; IRS Rev. Proc. 2025-32; each state's published 2026 income tax and payroll rules
"Take-home pay by state, 2026",2026 rules,Montana,MT,single,annual salary,75000,Social Security and Medicare,5738,,Tools Berry paycheck engine; IRS Rev. Proc. 2025-32; each state's published 2026 income tax and payroll rules
"Take-home pay by state, 2026",2026 rules,Montana,MT,single,annual salary,75000,state income tax,2877,,Tools Berry paycheck engine; IRS Rev. Proc. 2025-32; each state's published 2026 income tax and payroll rules
"Take-home pay by state, 2026",2026 rules,Montana,MT,single,annual salary,75000,"state payroll programs (disability, paid leave and similar)",0,,Tools Berry paycheck engine; IRS Rev. Proc. 2025-32; each state's published 2026 income tax and payroll rules
"Take-home pay by state, 2026",2026 rules,Montana,MT,single,annual salary,100000,annual take-home pay,74891,,Tools Berry paycheck engine; IRS Rev. Proc. 2025-32; each state's published 2026 income tax and payroll rules
"Take-home pay by state, 2026",2026 rules,Montana,MT,single,annual salary,100000,federal income tax,13170,,Tools Berry paycheck engine; IRS Rev. Proc. 2025-32; each state's published 2026 income tax and payroll rules
"Take-home pay by state, 2026",2026 rules,Montana,MT,single,annual salary,100000,Social Security and Medicare,7650,,Tools Berry paycheck engine; IRS Rev. Proc. 2025-32; each state's published 2026 income tax and payroll rules
"Take-home pay by state, 2026",2026 rules,Montana,MT,single,annual salary,100000,state income tax,4289,,Tools Berry paycheck engine; IRS Rev. Proc. 2025-32; each state's published 2026 income tax and payroll rules
"Take-home pay by state, 2026",2026 rules,Montana,MT,single,annual salary,100000,"state payroll programs (disability, paid leave and similar)",0,,Tools Berry paycheck engine; IRS Rev. Proc. 2025-32; each state's published 2026 income tax and payroll rules
"Take-home pay by state, 2026",2026 rules,Nebraska,NE,single,annual salary,75000,annual take-home pay,58884,,Tools Berry paycheck engine; IRS Rev. Proc. 2025-32; each state's published 2026 income tax and payroll rules
"Take-home pay by state, 2026",2026 rules,Nebraska,NE,single,annual salary,75000,federal income tax,7670,,Tools Berry paycheck engine; IRS Rev. Proc. 2025-32; each state's published 2026 income tax and payroll rules
"Take-home pay by state, 2026",2026 rules,Nebraska,NE,single,annual salary,75000,Social Security and Medicare,5738,,Tools Berry paycheck engine; IRS Rev. Proc. 2025-32; each state's published 2026 income tax and payroll rules
"Take-home pay by state, 2026",2026 rules,Nebraska,NE,single,annual salary,75000,state income tax,2709,,Tools Berry paycheck engine; IRS Rev. Proc. 2025-32; each state's published 2026 income tax and payroll rules
"Take-home pay by state, 2026",2026 rules,Nebraska,NE,single,annual salary,75000,"state payroll programs (disability, paid leave and similar)",0,,Tools Berry paycheck engine; IRS Rev. Proc. 2025-32; each state's published 2026 income tax and payroll rules
"Take-home pay by state, 2026",2026 rules,Nebraska,NE,single,annual salary,100000,annual take-home pay,75334,,Tools Berry paycheck engine; IRS Rev. Proc. 2025-32; each state's published 2026 income tax and payroll rules
"Take-home pay by state, 2026",2026 rules,Nebraska,NE,single,annual salary,100000,federal income tax,13170,,Tools Berry paycheck engine; IRS Rev. Proc. 2025-32; each state's published 2026 income tax and payroll rules
"Take-home pay by state, 2026",2026 rules,Nebraska,NE,single,annual salary,100000,Social Security and Medicare,7650,,Tools Berry paycheck engine; IRS Rev. Proc. 2025-32; each state's published 2026 income tax and payroll rules
"Take-home pay by state, 2026",2026 rules,Nebraska,NE,single,annual salary,100000,state income tax,3846,,Tools Berry paycheck engine; IRS Rev. Proc. 2025-32; each state's published 2026 income tax and payroll rules
"Take-home pay by state, 2026",2026 rules,Nebraska,NE,single,annual salary,100000,"state payroll programs (disability, paid leave and similar)",0,,Tools Berry paycheck engine; IRS Rev. Proc. 2025-32; each state's published 2026 income tax and payroll rules
"Take-home pay by state, 2026",2026 rules,Nevada,NV,single,annual salary,75000,annual take-home pay,61593,,Tools Berry paycheck engine; IRS Rev. Proc. 2025-32; each state's published 2026 income tax and payroll rules
"Take-home pay by state, 2026",2026 rules,Nevada,NV,single,annual salary,75000,federal income tax,7670,,Tools Berry paycheck engine; IRS Rev. Proc. 2025-32; each state's published 2026 income tax and payroll rules
"Take-home pay by state, 2026",2026 rules,Nevada,NV,single,annual salary,75000,Social Security and Medicare,5738,,Tools Berry paycheck engine; IRS Rev. Proc. 2025-32; each state's published 2026 income tax and payroll rules
"Take-home pay by state, 2026",2026 rules,Nevada,NV,single,annual salary,75000,state income tax,0,,Tools Berry paycheck engine; IRS Rev. Proc. 2025-32; each state's published 2026 income tax and payroll rules
"Take-home pay by state, 2026",2026 rules,Nevada,NV,single,annual salary,75000,"state payroll programs (disability, paid leave and similar)",0,,Tools Berry paycheck engine; IRS Rev. Proc. 2025-32; each state's published 2026 income tax and payroll rules
"Take-home pay by state, 2026",2026 rules,Nevada,NV,single,annual salary,100000,annual take-home pay,79180,,Tools Berry paycheck engine; IRS Rev. Proc. 2025-32; each state's published 2026 income tax and payroll rules
"Take-home pay by state, 2026",2026 rules,Nevada,NV,single,annual salary,100000,federal income tax,13170,,Tools Berry paycheck engine; IRS Rev. Proc. 2025-32; each state's published 2026 income tax and payroll rules
"Take-home pay by state, 2026",2026 rules,Nevada,NV,single,annual salary,100000,Social Security and Medicare,7650,,Tools Berry paycheck engine; IRS Rev. Proc. 2025-32; each state's published 2026 income tax and payroll rules
"Take-home pay by state, 2026",2026 rules,Nevada,NV,single,annual salary,100000,state income tax,0,,Tools Berry paycheck engine; IRS Rev. Proc. 2025-32; each state's published 2026 income tax and payroll rules
"Take-home pay by state, 2026",2026 rules,Nevada,NV,single,annual salary,100000,"state payroll programs (disability, paid leave and similar)",0,,Tools Berry paycheck engine; IRS Rev. Proc. 2025-32; each state's published 2026 income tax and payroll rules
"Take-home pay by state, 2026",2026 rules,New Hampshire,NH,single,annual salary,75000,annual take-home pay,61593,,Tools Berry paycheck engine; IRS Rev. Proc. 2025-32; each state's published 2026 income tax and payroll rules
"Take-home pay by state, 2026",2026 rules,New Hampshire,NH,single,annual salary,75000,federal income tax,7670,,Tools Berry paycheck engine; IRS Rev. Proc. 2025-32; each state's published 2026 income tax and payroll rules
"Take-home pay by state, 2026",2026 rules,New Hampshire,NH,single,annual salary,75000,Social Security and Medicare,5738,,Tools Berry paycheck engine; IRS Rev. Proc. 2025-32; each state's published 2026 income tax and payroll rules
"Take-home pay by state, 2026",2026 rules,New Hampshire,NH,single,annual salary,75000,state income tax,0,,Tools Berry paycheck engine; IRS Rev. Proc. 2025-32; each state's published 2026 income tax and payroll rules
"Take-home pay by state, 2026",2026 rules,New Hampshire,NH,single,annual salary,75000,"state payroll programs (disability, paid leave and similar)",0,,Tools Berry paycheck engine; IRS Rev. Proc. 2025-32; each state's published 2026 income tax and payroll rules
"Take-home pay by state, 2026",2026 rules,New Hampshire,NH,single,annual salary,100000,annual take-home pay,79180,,Tools Berry paycheck engine; IRS Rev. Proc. 2025-32; each state's published 2026 income tax and payroll rules
"Take-home pay by state, 2026",2026 rules,New Hampshire,NH,single,annual salary,100000,federal income tax,13170,,Tools Berry paycheck engine; IRS Rev. Proc. 2025-32; each state's published 2026 income tax and payroll rules
"Take-home pay by state, 2026",2026 rules,New Hampshire,NH,single,annual salary,100000,Social Security and Medicare,7650,,Tools Berry paycheck engine; IRS Rev. Proc. 2025-32; each state's published 2026 income tax and payroll rules
"Take-home pay by state, 2026",2026 rules,New Hampshire,NH,single,annual salary,100000,state income tax,0,,Tools Berry paycheck engine; IRS Rev. Proc. 2025-32; each state's published 2026 income tax and payroll rules
"Take-home pay by state, 2026",2026 rules,New Hampshire,NH,single,annual salary,100000,"state payroll programs (disability, paid leave and similar)",0,,Tools Berry paycheck engine; IRS Rev. Proc. 2025-32; each state's published 2026 income tax and payroll rules
"Take-home pay by state, 2026",2026 rules,New Jersey,NJ,single,annual salary,75000,annual take-home pay,58491,,Tools Berry paycheck engine; IRS Rev. Proc. 2025-32; each state's published 2026 income tax and payroll rules
"Take-home pay by state, 2026",2026 rules,New Jersey,NJ,single,annual salary,75000,federal income tax,7670,,Tools Berry paycheck engine; IRS Rev. Proc. 2025-32; each state's published 2026 income tax and payroll rules
"Take-home pay by state, 2026",2026 rules,New Jersey,NJ,single,annual salary,75000,Social Security and Medicare,5738,,Tools Berry paycheck engine; IRS Rev. Proc. 2025-32; each state's published 2026 income tax and payroll rules
"Take-home pay by state, 2026",2026 rules,New Jersey,NJ,single,annual salary,75000,state income tax,2596,,Tools Berry paycheck engine; IRS Rev. Proc. 2025-32; each state's published 2026 income tax and payroll rules
"Take-home pay by state, 2026",2026 rules,New Jersey,NJ,single,annual salary,75000,"state payroll programs (disability, paid leave and similar)",505,,Tools Berry paycheck engine; IRS Rev. Proc. 2025-32; each state's published 2026 income tax and payroll rules
"Take-home pay by state, 2026",2026 rules,New Jersey,NJ,single,annual salary,100000,annual take-home pay,74390,,Tools Berry paycheck engine; IRS Rev. Proc. 2025-32; each state's published 2026 income tax and payroll rules
"Take-home pay by state, 2026",2026 rules,New Jersey,NJ,single,annual salary,100000,federal income tax,13170,,Tools Berry paycheck engine; IRS Rev. Proc. 2025-32; each state's published 2026 income tax and payroll rules
"Take-home pay by state, 2026",2026 rules,New Jersey,NJ,single,annual salary,100000,Social Security and Medicare,7650,,Tools Berry paycheck engine; IRS Rev. Proc. 2025-32; each state's published 2026 income tax and payroll rules
"Take-home pay by state, 2026",2026 rules,New Jersey,NJ,single,annual salary,100000,state income tax,4180,,Tools Berry paycheck engine; IRS Rev. Proc. 2025-32; each state's published 2026 income tax and payroll rules
"Take-home pay by state, 2026",2026 rules,New Jersey,NJ,single,annual salary,100000,"state payroll programs (disability, paid leave and similar)",610,,Tools Berry paycheck engine; IRS Rev. Proc. 2025-32; each state's published 2026 income tax and payroll rules
"Take-home pay by state, 2026",2026 rules,New Mexico,NM,single,annual salary,75000,annual take-home pay,59233,,Tools Berry paycheck engine; IRS Rev. Proc. 2025-32; each state's published 2026 income tax and payroll rules
"Take-home pay by state, 2026",2026 rules,New Mexico,NM,single,annual salary,75000,federal income tax,7670,,Tools Berry paycheck engine; IRS Rev. Proc. 2025-32; each state's published 2026 income tax and payroll rules
"Take-home pay by state, 2026",2026 rules,New Mexico,NM,single,annual salary,75000,Social Security and Medicare,5738,,Tools Berry paycheck engine; IRS Rev. Proc. 2025-32; each state's published 2026 income tax and payroll rules
"Take-home pay by state, 2026",2026 rules,New Mexico,NM,single,annual salary,75000,state income tax,2359,,Tools Berry paycheck engine; IRS Rev. Proc. 2025-32; each state's published 2026 income tax and payroll rules
"Take-home pay by state, 2026",2026 rules,New Mexico,NM,single,annual salary,75000,"state payroll programs (disability, paid leave and similar)",0,,Tools Berry paycheck engine; IRS Rev. Proc. 2025-32; each state's published 2026 income tax and payroll rules
"Take-home pay by state, 2026",2026 rules,New Mexico,NM,single,annual salary,100000,annual take-home pay,75611,,Tools Berry paycheck engine; IRS Rev. Proc. 2025-32; each state's published 2026 income tax and payroll rules
"Take-home pay by state, 2026",2026 rules,New Mexico,NM,single,annual salary,100000,federal income tax,13170,,Tools Berry paycheck engine; IRS Rev. Proc. 2025-32; each state's published 2026 income tax and payroll rules
"Take-home pay by state, 2026",2026 rules,New Mexico,NM,single,annual salary,100000,Social Security and Medicare,7650,,Tools Berry paycheck engine; IRS Rev. Proc. 2025-32; each state's published 2026 income tax and payroll rules
"Take-home pay by state, 2026",2026 rules,New Mexico,NM,single,annual salary,100000,state income tax,3569,,Tools Berry paycheck engine; IRS Rev. Proc. 2025-32; each state's published 2026 income tax and payroll rules
"Take-home pay by state, 2026",2026 rules,New Mexico,NM,single,annual salary,100000,"state payroll programs (disability, paid leave and similar)",0,,Tools Berry paycheck engine; IRS Rev. Proc. 2025-32; each state's published 2026 income tax and payroll rules
"Take-home pay by state, 2026",2026 rules,New York,NY,single,annual salary,75000,annual take-home pay,57784,,Tools Berry paycheck engine; IRS Rev. Proc. 2025-32; each state's published 2026 income tax and payroll rules
"Take-home pay by state, 2026",2026 rules,New York,NY,single,annual salary,75000,federal income tax,7670,,Tools Berry paycheck engine; IRS Rev. Proc. 2025-32; each state's published 2026 income tax and payroll rules
"Take-home pay by state, 2026",2026 rules,New York,NY,single,annual salary,75000,Social Security and Medicare,5738,,Tools Berry paycheck engine; IRS Rev. Proc. 2025-32; each state's published 2026 income tax and payroll rules
"Take-home pay by state, 2026",2026 rules,New York,NY,single,annual salary,75000,state income tax,3453,,Tools Berry paycheck engine; IRS Rev. Proc. 2025-32; each state's published 2026 income tax and payroll rules
"Take-home pay by state, 2026",2026 rules,New York,NY,single,annual salary,75000,"state payroll programs (disability, paid leave and similar)",355,,Tools Berry paycheck engine; IRS Rev. Proc. 2025-32; each state's published 2026 income tax and payroll rules
"Take-home pay by state, 2026",2026 rules,New York,NY,single,annual salary,100000,annual take-home pay,73877,,Tools Berry paycheck engine; IRS Rev. Proc. 2025-32; each state's published 2026 income tax and payroll rules
"Take-home pay by state, 2026",2026 rules,New York,NY,single,annual salary,100000,federal income tax,13170,,Tools Berry paycheck engine; IRS Rev. Proc. 2025-32; each state's published 2026 income tax and payroll rules
"Take-home pay by state, 2026",2026 rules,New York,NY,single,annual salary,100000,Social Security and Medicare,7650,,Tools Berry paycheck engine; IRS Rev. Proc. 2025-32; each state's published 2026 income tax and payroll rules
"Take-home pay by state, 2026",2026 rules,New York,NY,single,annual salary,100000,state income tax,4860,,Tools Berry paycheck engine; IRS Rev. Proc. 2025-32; each state's published 2026 income tax and payroll rules
"Take-home pay by state, 2026",2026 rules,New York,NY,single,annual salary,100000,"state payroll programs (disability, paid leave and similar)",443,,Tools Berry paycheck engine; IRS Rev. Proc. 2025-32; each state's published 2026 income tax and payroll rules
"Take-home pay by state, 2026",2026 rules,North Carolina,NC,single,annual salary,75000,annual take-home pay,59109,,Tools Berry paycheck engine; IRS Rev. Proc. 2025-32; each state's published 2026 income tax and payroll rules
"Take-home pay by state, 2026",2026 rules,North Carolina,NC,single,annual salary,75000,federal income tax,7670,,Tools Berry paycheck engine; IRS Rev. Proc. 2025-32; each state's published 2026 income tax and payroll rules
"Take-home pay by state, 2026",2026 rules,North Carolina,NC,single,annual salary,75000,Social Security and Medicare,5738,,Tools Berry paycheck engine; IRS Rev. Proc. 2025-32; each state's published 2026 income tax and payroll rules
"Take-home pay by state, 2026",2026 rules,North Carolina,NC,single,annual salary,75000,state income tax,2484,,Tools Berry paycheck engine; IRS Rev. Proc. 2025-32; each state's published 2026 income tax and payroll rules
"Take-home pay by state, 2026",2026 rules,North Carolina,NC,single,annual salary,75000,"state payroll programs (disability, paid leave and similar)",0,,Tools Berry paycheck engine; IRS Rev. Proc. 2025-32; each state's published 2026 income tax and payroll rules
"Take-home pay by state, 2026",2026 rules,North Carolina,NC,single,annual salary,100000,annual take-home pay,75699,,Tools Berry paycheck engine; IRS Rev. Proc. 2025-32; each state's published 2026 income tax and payroll rules
"Take-home pay by state, 2026",2026 rules,North Carolina,NC,single,annual salary,100000,federal income tax,13170,,Tools Berry paycheck engine; IRS Rev. Proc. 2025-32; each state's published 2026 income tax and payroll rules
"Take-home pay by state, 2026",2026 rules,North Carolina,NC,single,annual salary,100000,Social Security and Medicare,7650,,Tools Berry paycheck engine; IRS Rev. Proc. 2025-32; each state's published 2026 income tax and payroll rules
"Take-home pay by state, 2026",2026 rules,North Carolina,NC,single,annual salary,100000,state income tax,3481,,Tools Berry paycheck engine; IRS Rev. Proc. 2025-32; each state's published 2026 income tax and payroll rules
"Take-home pay by state, 2026",2026 rules,North Carolina,NC,single,annual salary,100000,"state payroll programs (disability, paid leave and similar)",0,,Tools Berry paycheck engine; IRS Rev. Proc. 2025-32; each state's published 2026 income tax and payroll rules
"Take-home pay by state, 2026",2026 rules,North Dakota,ND,single,annual salary,75000,annual take-home pay,61411,,Tools Berry paycheck engine; IRS Rev. Proc. 2025-32; each state's published 2026 income tax and payroll rules
"Take-home pay by state, 2026",2026 rules,North Dakota,ND,single,annual salary,75000,federal income tax,7670,,Tools Berry paycheck engine; IRS Rev. Proc. 2025-32; each state's published 2026 income tax and payroll rules
"Take-home pay by state, 2026",2026 rules,North Dakota,ND,single,annual salary,75000,Social Security and Medicare,5738,,Tools Berry paycheck engine; IRS Rev. Proc. 2025-32; each state's published 2026 income tax and payroll rules
"Take-home pay by state, 2026",2026 rules,North Dakota,ND,single,annual salary,75000,state income tax,182,,Tools Berry paycheck engine; IRS Rev. Proc. 2025-32; each state's published 2026 income tax and payroll rules
"Take-home pay by state, 2026",2026 rules,North Dakota,ND,single,annual salary,75000,"state payroll programs (disability, paid leave and similar)",0,,Tools Berry paycheck engine; IRS Rev. Proc. 2025-32; each state's published 2026 income tax and payroll rules
"Take-home pay by state, 2026",2026 rules,North Dakota,ND,single,annual salary,100000,annual take-home pay,78511,,Tools Berry paycheck engine; IRS Rev. Proc. 2025-32; each state's published 2026 income tax and payroll rules
"Take-home pay by state, 2026",2026 rules,North Dakota,ND,single,annual salary,100000,federal income tax,13170,,Tools Berry paycheck engine; IRS Rev. Proc. 2025-32; each state's published 2026 income tax and payroll rules
"Take-home pay by state, 2026",2026 rules,North Dakota,ND,single,annual salary,100000,Social Security and Medicare,7650,,Tools Berry paycheck engine; IRS Rev. Proc. 2025-32; each state's published 2026 income tax and payroll rules
"Take-home pay by state, 2026",2026 rules,North Dakota,ND,single,annual salary,100000,state income tax,669,,Tools Berry paycheck engine; IRS Rev. Proc. 2025-32; each state's published 2026 income tax and payroll rules
"Take-home pay by state, 2026",2026 rules,North Dakota,ND,single,annual salary,100000,"state payroll programs (disability, paid leave and similar)",0,,Tools Berry paycheck engine; IRS Rev. Proc. 2025-32; each state's published 2026 income tax and payroll rules
"Take-home pay by state, 2026",2026 rules,Ohio,OH,single,annual salary,75000,annual take-home pay,59914,,Tools Berry paycheck engine; IRS Rev. Proc. 2025-32; each state's published 2026 income tax and payroll rules
"Take-home pay by state, 2026",2026 rules,Ohio,OH,single,annual salary,75000,federal income tax,7670,,Tools Berry paycheck engine; IRS Rev. Proc. 2025-32; each state's published 2026 income tax and payroll rules
"Take-home pay by state, 2026",2026 rules,Ohio,OH,single,annual salary,75000,Social Security and Medicare,5738,,Tools Berry paycheck engine; IRS Rev. Proc. 2025-32; each state's published 2026 income tax and payroll rules
"Take-home pay by state, 2026",2026 rules,Ohio,OH,single,annual salary,75000,state income tax,1678,,Tools Berry paycheck engine; IRS Rev. Proc. 2025-32; each state's published 2026 income tax and payroll rules
"Take-home pay by state, 2026",2026 rules,Ohio,OH,single,annual salary,75000,"state payroll programs (disability, paid leave and similar)",0,,Tools Berry paycheck engine; IRS Rev. Proc. 2025-32; each state's published 2026 income tax and payroll rules
"Take-home pay by state, 2026",2026 rules,Ohio,OH,single,annual salary,100000,annual take-home pay,76814,,Tools Berry paycheck engine; IRS Rev. Proc. 2025-32; each state's published 2026 income tax and payroll rules
"Take-home pay by state, 2026",2026 rules,Ohio,OH,single,annual salary,100000,federal income tax,13170,,Tools Berry paycheck engine; IRS Rev. Proc. 2025-32; each state's published 2026 income tax and payroll rules
"Take-home pay by state, 2026",2026 rules,Ohio,OH,single,annual salary,100000,Social Security and Medicare,7650,,Tools Berry paycheck engine; IRS Rev. Proc. 2025-32; each state's published 2026 income tax and payroll rules
"Take-home pay by state, 2026",2026 rules,Ohio,OH,single,annual salary,100000,state income tax,2366,,Tools Berry paycheck engine; IRS Rev. Proc. 2025-32; each state's published 2026 income tax and payroll rules
"Take-home pay by state, 2026",2026 rules,Ohio,OH,single,annual salary,100000,"state payroll programs (disability, paid leave and similar)",0,,Tools Berry paycheck engine; IRS Rev. Proc. 2025-32; each state's published 2026 income tax and payroll rules
"Take-home pay by state, 2026",2026 rules,Oklahoma,OK,single,annual salary,75000,annual take-home pay,58718,,Tools Berry paycheck engine; IRS Rev. Proc. 2025-32; each state's published 2026 income tax and payroll rules
"Take-home pay by state, 2026",2026 rules,Oklahoma,OK,single,annual salary,75000,federal income tax,7670,,Tools Berry paycheck engine; IRS Rev. Proc. 2025-32; each state's published 2026 income tax and payroll rules
"Take-home pay by state, 2026",2026 rules,Oklahoma,OK,single,annual salary,75000,Social Security and Medicare,5738,,Tools Berry paycheck engine; IRS Rev. Proc. 2025-32; each state's published 2026 income tax and payroll rules
"Take-home pay by state, 2026",2026 rules,Oklahoma,OK,single,annual salary,75000,state income tax,2875,,Tools Berry paycheck engine; IRS Rev. Proc. 2025-32; each state's published 2026 income tax and payroll rules
"Take-home pay by state, 2026",2026 rules,Oklahoma,OK,single,annual salary,75000,"state payroll programs (disability, paid leave and similar)",0,,Tools Berry paycheck engine; IRS Rev. Proc. 2025-32; each state's published 2026 income tax and payroll rules
"Take-home pay by state, 2026",2026 rules,Oklahoma,OK,single,annual salary,100000,annual take-home pay,75181,,Tools Berry paycheck engine; IRS Rev. Proc. 2025-32; each state's published 2026 income tax and payroll rules
"Take-home pay by state, 2026",2026 rules,Oklahoma,OK,single,annual salary,100000,federal income tax,13170,,Tools Berry paycheck engine; IRS Rev. Proc. 2025-32; each state's published 2026 income tax and payroll rules
"Take-home pay by state, 2026",2026 rules,Oklahoma,OK,single,annual salary,100000,Social Security and Medicare,7650,,Tools Berry paycheck engine; IRS Rev. Proc. 2025-32; each state's published 2026 income tax and payroll rules
"Take-home pay by state, 2026",2026 rules,Oklahoma,OK,single,annual salary,100000,state income tax,4000,,Tools Berry paycheck engine; IRS Rev. Proc. 2025-32; each state's published 2026 income tax and payroll rules
"Take-home pay by state, 2026",2026 rules,Oklahoma,OK,single,annual salary,100000,"state payroll programs (disability, paid leave and similar)",0,,Tools Berry paycheck engine; IRS Rev. Proc. 2025-32; each state's published 2026 income tax and payroll rules
"Take-home pay by state, 2026",2026 rules,Oregon,OR,single,annual salary,75000,annual take-home pay,55079,,Tools Berry paycheck engine; IRS Rev. Proc. 2025-32; each state's published 2026 income tax and payroll rules
"Take-home pay by state, 2026",2026 rules,Oregon,OR,single,annual salary,75000,federal income tax,7670,,Tools Berry paycheck engine; IRS Rev. Proc. 2025-32; each state's published 2026 income tax and payroll rules
"Take-home pay by state, 2026",2026 rules,Oregon,OR,single,annual salary,75000,Social Security and Medicare,5738,,Tools Berry paycheck engine; IRS Rev. Proc. 2025-32; each state's published 2026 income tax and payroll rules
"Take-home pay by state, 2026",2026 rules,Oregon,OR,single,annual salary,75000,state income tax,5989,,Tools Berry paycheck engine; IRS Rev. Proc. 2025-32; each state's published 2026 income tax and payroll rules
"Take-home pay by state, 2026",2026 rules,Oregon,OR,single,annual salary,75000,"state payroll programs (disability, paid leave and similar)",525,,Tools Berry paycheck engine; IRS Rev. Proc. 2025-32; each state's published 2026 income tax and payroll rules
"Take-home pay by state, 2026",2026 rules,Oregon,OR,single,annual salary,100000,annual take-home pay,70304,,Tools Berry paycheck engine; IRS Rev. Proc. 2025-32; each state's published 2026 income tax and payroll rules
"Take-home pay by state, 2026",2026 rules,Oregon,OR,single,annual salary,100000,federal income tax,13170,,Tools Berry paycheck engine; IRS Rev. Proc. 2025-32; each state's published 2026 income tax and payroll rules
"Take-home pay by state, 2026",2026 rules,Oregon,OR,single,annual salary,100000,Social Security and Medicare,7650,,Tools Berry paycheck engine; IRS Rev. Proc. 2025-32; each state's published 2026 income tax and payroll rules
"Take-home pay by state, 2026",2026 rules,Oregon,OR,single,annual salary,100000,state income tax,8176,,Tools Berry paycheck engine; IRS Rev. Proc. 2025-32; each state's published 2026 income tax and payroll rules
"Take-home pay by state, 2026",2026 rules,Oregon,OR,single,annual salary,100000,"state payroll programs (disability, paid leave and similar)",700,,Tools Berry paycheck engine; IRS Rev. Proc. 2025-32; each state's published 2026 income tax and payroll rules
"Take-home pay by state, 2026",2026 rules,Pennsylvania,PA,single,annual salary,75000,annual take-home pay,59238,,Tools Berry paycheck engine; IRS Rev. Proc. 2025-32; each state's published 2026 income tax and payroll rules
"Take-home pay by state, 2026",2026 rules,Pennsylvania,PA,single,annual salary,75000,federal income tax,7670,,Tools Berry paycheck engine; IRS Rev. Proc. 2025-32; each state's published 2026 income tax and payroll rules
"Take-home pay by state, 2026",2026 rules,Pennsylvania,PA,single,annual salary,75000,Social Security and Medicare,5738,,Tools Berry paycheck engine; IRS Rev. Proc. 2025-32; each state's published 2026 income tax and payroll rules
"Take-home pay by state, 2026",2026 rules,Pennsylvania,PA,single,annual salary,75000,state income tax,2303,,Tools Berry paycheck engine; IRS Rev. Proc. 2025-32; each state's published 2026 income tax and payroll rules
"Take-home pay by state, 2026",2026 rules,Pennsylvania,PA,single,annual salary,75000,"state payroll programs (disability, paid leave and similar)",53,,Tools Berry paycheck engine; IRS Rev. Proc. 2025-32; each state's published 2026 income tax and payroll rules
"Take-home pay by state, 2026",2026 rules,Pennsylvania,PA,single,annual salary,100000,annual take-home pay,76040,,Tools Berry paycheck engine; IRS Rev. Proc. 2025-32; each state's published 2026 income tax and payroll rules
"Take-home pay by state, 2026",2026 rules,Pennsylvania,PA,single,annual salary,100000,federal income tax,13170,,Tools Berry paycheck engine; IRS Rev. Proc. 2025-32; each state's published 2026 income tax and payroll rules
"Take-home pay by state, 2026",2026 rules,Pennsylvania,PA,single,annual salary,100000,Social Security and Medicare,7650,,Tools Berry paycheck engine; IRS Rev. Proc. 2025-32; each state's published 2026 income tax and payroll rules
"Take-home pay by state, 2026",2026 rules,Pennsylvania,PA,single,annual salary,100000,state income tax,3070,,Tools Berry paycheck engine; IRS Rev. Proc. 2025-32; each state's published 2026 income tax and payroll rules
"Take-home pay by state, 2026",2026 rules,Pennsylvania,PA,single,annual salary,100000,"state payroll programs (disability, paid leave and similar)",70,,Tools Berry paycheck engine; IRS Rev. Proc. 2025-32; each state's published 2026 income tax and payroll rules
"Take-home pay by state, 2026",2026 rules,Rhode Island,RI,single,annual salary,75000,annual take-home pay,58375,,Tools Berry paycheck engine; IRS Rev. Proc. 2025-32; each state's published 2026 income tax and payroll rules
"Take-home pay by state, 2026",2026 rules,Rhode Island,RI,single,annual salary,75000,federal income tax,7670,,Tools Berry paycheck engine; IRS Rev. Proc. 2025-32; each state's published 2026 income tax and payroll rules
"Take-home pay by state, 2026",2026 rules,Rhode Island,RI,single,annual salary,75000,Social Security and Medicare,5738,,Tools Berry paycheck engine; IRS Rev. Proc. 2025-32; each state's published 2026 income tax and payroll rules
"Take-home pay by state, 2026",2026 rules,Rhode Island,RI,single,annual salary,75000,state income tax,2393,,Tools Berry paycheck engine; IRS Rev. Proc. 2025-32; each state's published 2026 income tax and payroll rules
"Take-home pay by state, 2026",2026 rules,Rhode Island,RI,single,annual salary,75000,"state payroll programs (disability, paid leave and similar)",825,,Tools Berry paycheck engine; IRS Rev. Proc. 2025-32; each state's published 2026 income tax and payroll rules
"Take-home pay by state, 2026",2026 rules,Rhode Island,RI,single,annual salary,100000,annual take-home pay,74683,,Tools Berry paycheck engine; IRS Rev. Proc. 2025-32; each state's published 2026 income tax and payroll rules
"Take-home pay by state, 2026",2026 rules,Rhode Island,RI,single,annual salary,100000,federal income tax,13170,,Tools Berry paycheck engine; IRS Rev. Proc. 2025-32; each state's published 2026 income tax and payroll rules
"Take-home pay by state, 2026",2026 rules,Rhode Island,RI,single,annual salary,100000,Social Security and Medicare,7650,,Tools Berry paycheck engine; IRS Rev. Proc. 2025-32; each state's published 2026 income tax and payroll rules
"Take-home pay by state, 2026",2026 rules,Rhode Island,RI,single,annual salary,100000,state income tax,3398,,Tools Berry paycheck engine; IRS Rev. Proc. 2025-32; each state's published 2026 income tax and payroll rules
"Take-home pay by state, 2026",2026 rules,Rhode Island,RI,single,annual salary,100000,"state payroll programs (disability, paid leave and similar)",1100,,Tools Berry paycheck engine; IRS Rev. Proc. 2025-32; each state's published 2026 income tax and payroll rules
"Take-home pay by state, 2026",2026 rules,South Carolina,SC,single,annual salary,75000,annual take-home pay,58935,,Tools Berry paycheck engine; IRS Rev. Proc. 2025-32; each state's published 2026 income tax and payroll rules
"Take-home pay by state, 2026",2026 rules,South Carolina,SC,single,annual salary,75000,federal income tax,7670,,Tools Berry paycheck engine; IRS Rev. Proc. 2025-32; each state's published 2026 income tax and payroll rules
"Take-home pay by state, 2026",2026 rules,South Carolina,SC,single,annual salary,75000,Social Security and Medicare,5738,,Tools Berry paycheck engine; IRS Rev. Proc. 2025-32; each state's published 2026 income tax and payroll rules
"Take-home pay by state, 2026",2026 rules,South Carolina,SC,single,annual salary,75000,state income tax,2657,,Tools Berry paycheck engine; IRS Rev. Proc. 2025-32; each state's published 2026 income tax and payroll rules
"Take-home pay by state, 2026",2026 rules,South Carolina,SC,single,annual salary,75000,"state payroll programs (disability, paid leave and similar)",0,,Tools Berry paycheck engine; IRS Rev. Proc. 2025-32; each state's published 2026 income tax and payroll rules
"Take-home pay by state, 2026",2026 rules,South Carolina,SC,single,annual salary,100000,annual take-home pay,74936,,Tools Berry paycheck engine; IRS Rev. Proc. 2025-32; each state's published 2026 income tax and payroll rules
"Take-home pay by state, 2026",2026 rules,South Carolina,SC,single,annual salary,100000,federal income tax,13170,,Tools Berry paycheck engine; IRS Rev. Proc. 2025-32; each state's published 2026 income tax and payroll rules
"Take-home pay by state, 2026",2026 rules,South Carolina,SC,single,annual salary,100000,Social Security and Medicare,7650,,Tools Berry paycheck engine; IRS Rev. Proc. 2025-32; each state's published 2026 income tax and payroll rules
"Take-home pay by state, 2026",2026 rules,South Carolina,SC,single,annual salary,100000,state income tax,4244,,Tools Berry paycheck engine; IRS Rev. Proc. 2025-32; each state's published 2026 income tax and payroll rules
"Take-home pay by state, 2026",2026 rules,South Carolina,SC,single,annual salary,100000,"state payroll programs (disability, paid leave and similar)",0,,Tools Berry paycheck engine; IRS Rev. Proc. 2025-32; each state's published 2026 income tax and payroll rules
"Take-home pay by state, 2026",2026 rules,South Dakota,SD,single,annual salary,75000,annual take-home pay,61593,,Tools Berry paycheck engine; IRS Rev. Proc. 2025-32; each state's published 2026 income tax and payroll rules
"Take-home pay by state, 2026",2026 rules,South Dakota,SD,single,annual salary,75000,federal income tax,7670,,Tools Berry paycheck engine; IRS Rev. Proc. 2025-32; each state's published 2026 income tax and payroll rules
"Take-home pay by state, 2026",2026 rules,South Dakota,SD,single,annual salary,75000,Social Security and Medicare,5738,,Tools Berry paycheck engine; IRS Rev. Proc. 2025-32; each state's published 2026 income tax and payroll rules
"Take-home pay by state, 2026",2026 rules,South Dakota,SD,single,annual salary,75000,state income tax,0,,Tools Berry paycheck engine; IRS Rev. Proc. 2025-32; each state's published 2026 income tax and payroll rules
"Take-home pay by state, 2026",2026 rules,South Dakota,SD,single,annual salary,75000,"state payroll programs (disability, paid leave and similar)",0,,Tools Berry paycheck engine; IRS Rev. Proc. 2025-32; each state's published 2026 income tax and payroll rules
"Take-home pay by state, 2026",2026 rules,South Dakota,SD,single,annual salary,100000,annual take-home pay,79180,,Tools Berry paycheck engine; IRS Rev. Proc. 2025-32; each state's published 2026 income tax and payroll rules
"Take-home pay by state, 2026",2026 rules,South Dakota,SD,single,annual salary,100000,federal income tax,13170,,Tools Berry paycheck engine; IRS Rev. Proc. 2025-32; each state's published 2026 income tax and payroll rules
"Take-home pay by state, 2026",2026 rules,South Dakota,SD,single,annual salary,100000,Social Security and Medicare,7650,,Tools Berry paycheck engine; IRS Rev. Proc. 2025-32; each state's published 2026 income tax and payroll rules
"Take-home pay by state, 2026",2026 rules,South Dakota,SD,single,annual salary,100000,state income tax,0,,Tools Berry paycheck engine; IRS Rev. Proc. 2025-32; each state's published 2026 income tax and payroll rules
"Take-home pay by state, 2026",2026 rules,South Dakota,SD,single,annual salary,100000,"state payroll programs (disability, paid leave and similar)",0,,Tools Berry paycheck engine; IRS Rev. Proc. 2025-32; each state's published 2026 income tax and payroll rules
"Take-home pay by state, 2026",2026 rules,Tennessee,TN,single,annual salary,75000,annual take-home pay,61593,,Tools Berry paycheck engine; IRS Rev. Proc. 2025-32; each state's published 2026 income tax and payroll rules
"Take-home pay by state, 2026",2026 rules,Tennessee,TN,single,annual salary,75000,federal income tax,7670,,Tools Berry paycheck engine; IRS Rev. Proc. 2025-32; each state's published 2026 income tax and payroll rules
"Take-home pay by state, 2026",2026 rules,Tennessee,TN,single,annual salary,75000,Social Security and Medicare,5738,,Tools Berry paycheck engine; IRS Rev. Proc. 2025-32; each state's published 2026 income tax and payroll rules
"Take-home pay by state, 2026",2026 rules,Tennessee,TN,single,annual salary,75000,state income tax,0,,Tools Berry paycheck engine; IRS Rev. Proc. 2025-32; each state's published 2026 income tax and payroll rules
"Take-home pay by state, 2026",2026 rules,Tennessee,TN,single,annual salary,75000,"state payroll programs (disability, paid leave and similar)",0,,Tools Berry paycheck engine; IRS Rev. Proc. 2025-32; each state's published 2026 income tax and payroll rules
"Take-home pay by state, 2026",2026 rules,Tennessee,TN,single,annual salary,100000,annual take-home pay,79180,,Tools Berry paycheck engine; IRS Rev. Proc. 2025-32; each state's published 2026 income tax and payroll rules
"Take-home pay by state, 2026",2026 rules,Tennessee,TN,single,annual salary,100000,federal income tax,13170,,Tools Berry paycheck engine; IRS Rev. Proc. 2025-32; each state's published 2026 income tax and payroll rules
"Take-home pay by state, 2026",2026 rules,Tennessee,TN,single,annual salary,100000,Social Security and Medicare,7650,,Tools Berry paycheck engine; IRS Rev. Proc. 2025-32; each state's published 2026 income tax and payroll rules
"Take-home pay by state, 2026",2026 rules,Tennessee,TN,single,annual salary,100000,state income tax,0,,Tools Berry paycheck engine; IRS Rev. Proc. 2025-32; each state's published 2026 income tax and payroll rules
"Take-home pay by state, 2026",2026 rules,Tennessee,TN,single,annual salary,100000,"state payroll programs (disability, paid leave and similar)",0,,Tools Berry paycheck engine; IRS Rev. Proc. 2025-32; each state's published 2026 income tax and payroll rules
"Take-home pay by state, 2026",2026 rules,Texas,TX,single,annual salary,75000,annual take-home pay,61593,,Tools Berry paycheck engine; IRS Rev. Proc. 2025-32; each state's published 2026 income tax and payroll rules
"Take-home pay by state, 2026",2026 rules,Texas,TX,single,annual salary,75000,federal income tax,7670,,Tools Berry paycheck engine; IRS Rev. Proc. 2025-32; each state's published 2026 income tax and payroll rules
"Take-home pay by state, 2026",2026 rules,Texas,TX,single,annual salary,75000,Social Security and Medicare,5738,,Tools Berry paycheck engine; IRS Rev. Proc. 2025-32; each state's published 2026 income tax and payroll rules
"Take-home pay by state, 2026",2026 rules,Texas,TX,single,annual salary,75000,state income tax,0,,Tools Berry paycheck engine; IRS Rev. Proc. 2025-32; each state's published 2026 income tax and payroll rules
"Take-home pay by state, 2026",2026 rules,Texas,TX,single,annual salary,75000,"state payroll programs (disability, paid leave and similar)",0,,Tools Berry paycheck engine; IRS Rev. Proc. 2025-32; each state's published 2026 income tax and payroll rules
"Take-home pay by state, 2026",2026 rules,Texas,TX,single,annual salary,100000,annual take-home pay,79180,,Tools Berry paycheck engine; IRS Rev. Proc. 2025-32; each state's published 2026 income tax and payroll rules
"Take-home pay by state, 2026",2026 rules,Texas,TX,single,annual salary,100000,federal income tax,13170,,Tools Berry paycheck engine; IRS Rev. Proc. 2025-32; each state's published 2026 income tax and payroll rules
"Take-home pay by state, 2026",2026 rules,Texas,TX,single,annual salary,100000,Social Security and Medicare,7650,,Tools Berry paycheck engine; IRS Rev. Proc. 2025-32; each state's published 2026 income tax and payroll rules
"Take-home pay by state, 2026",2026 rules,Texas,TX,single,annual salary,100000,state income tax,0,,Tools Berry paycheck engine; IRS Rev. Proc. 2025-32; each state's published 2026 income tax and payroll rules
"Take-home pay by state, 2026",2026 rules,Texas,TX,single,annual salary,100000,"state payroll programs (disability, paid leave and similar)",0,,Tools Berry paycheck engine; IRS Rev. Proc. 2025-32; each state's published 2026 income tax and payroll rules
"Take-home pay by state, 2026",2026 rules,Utah,UT,single,annual salary,75000,annual take-home pay,58971,,Tools Berry paycheck engine; IRS Rev. Proc. 2025-32; each state's published 2026 income tax and payroll rules
"Take-home pay by state, 2026",2026 rules,Utah,UT,single,annual salary,75000,federal income tax,7670,,Tools Berry paycheck engine; IRS Rev. Proc. 2025-32; each state's published 2026 income tax and payroll rules
"Take-home pay by state, 2026",2026 rules,Utah,UT,single,annual salary,75000,Social Security and Medicare,5738,,Tools Berry paycheck engine; IRS Rev. Proc. 2025-32; each state's published 2026 income tax and payroll rules
"Take-home pay by state, 2026",2026 rules,Utah,UT,single,annual salary,75000,state income tax,2621,,Tools Berry paycheck engine; IRS Rev. Proc. 2025-32; each state's published 2026 income tax and payroll rules
"Take-home pay by state, 2026",2026 rules,Utah,UT,single,annual salary,75000,"state payroll programs (disability, paid leave and similar)",0,,Tools Berry paycheck engine; IRS Rev. Proc. 2025-32; each state's published 2026 income tax and payroll rules
"Take-home pay by state, 2026",2026 rules,Utah,UT,single,annual salary,100000,annual take-home pay,75446,,Tools Berry paycheck engine; IRS Rev. Proc. 2025-32; each state's published 2026 income tax and payroll rules
"Take-home pay by state, 2026",2026 rules,Utah,UT,single,annual salary,100000,federal income tax,13170,,Tools Berry paycheck engine; IRS Rev. Proc. 2025-32; each state's published 2026 income tax and payroll rules
"Take-home pay by state, 2026",2026 rules,Utah,UT,single,annual salary,100000,Social Security and Medicare,7650,,Tools Berry paycheck engine; IRS Rev. Proc. 2025-32; each state's published 2026 income tax and payroll rules
"Take-home pay by state, 2026",2026 rules,Utah,UT,single,annual salary,100000,state income tax,3734,,Tools Berry paycheck engine; IRS Rev. Proc. 2025-32; each state's published 2026 income tax and payroll rules
"Take-home pay by state, 2026",2026 rules,Utah,UT,single,annual salary,100000,"state payroll programs (disability, paid leave and similar)",0,,Tools Berry paycheck engine; IRS Rev. Proc. 2025-32; each state's published 2026 income tax and payroll rules
"Take-home pay by state, 2026",2026 rules (uses 2025 standard deduction),Vermont,VT,single,annual salary,75000,annual take-home pay,58797,,Tools Berry paycheck engine; IRS Rev. Proc. 2025-32; each state's published 2026 income tax and payroll rules
"Take-home pay by state, 2026",2026 rules (uses 2025 standard deduction),Vermont,VT,single,annual salary,75000,federal income tax,7670,,Tools Berry paycheck engine; IRS Rev. Proc. 2025-32; each state's published 2026 income tax and payroll rules
"Take-home pay by state, 2026",2026 rules (uses 2025 standard deduction),Vermont,VT,single,annual salary,75000,Social Security and Medicare,5738,,Tools Berry paycheck engine; IRS Rev. Proc. 2025-32; each state's published 2026 income tax and payroll rules
"Take-home pay by state, 2026",2026 rules (uses 2025 standard deduction),Vermont,VT,single,annual salary,75000,state income tax,2796,,Tools Berry paycheck engine; IRS Rev. Proc. 2025-32; each state's published 2026 income tax and payroll rules
"Take-home pay by state, 2026",2026 rules (uses 2025 standard deduction),Vermont,VT,single,annual salary,75000,"state payroll programs (disability, paid leave and similar)",0,,Tools Berry paycheck engine; IRS Rev. Proc. 2025-32; each state's published 2026 income tax and payroll rules
"Take-home pay by state, 2026",2026 rules (uses 2025 standard deduction),Vermont,VT,single,annual salary,100000,annual take-home pay,74734,,Tools Berry paycheck engine; IRS Rev. Proc. 2025-32; each state's published 2026 income tax and payroll rules
"Take-home pay by state, 2026",2026 rules (uses 2025 standard deduction),Vermont,VT,single,annual salary,100000,federal income tax,13170,,Tools Berry paycheck engine; IRS Rev. Proc. 2025-32; each state's published 2026 income tax and payroll rules
"Take-home pay by state, 2026",2026 rules (uses 2025 standard deduction),Vermont,VT,single,annual salary,100000,Social Security and Medicare,7650,,Tools Berry paycheck engine; IRS Rev. Proc. 2025-32; each state's published 2026 income tax and payroll rules
"Take-home pay by state, 2026",2026 rules (uses 2025 standard deduction),Vermont,VT,single,annual salary,100000,state income tax,4446,,Tools Berry paycheck engine; IRS Rev. Proc. 2025-32; each state's published 2026 income tax and payroll rules
"Take-home pay by state, 2026",2026 rules (uses 2025 standard deduction),Vermont,VT,single,annual salary,100000,"state payroll programs (disability, paid leave and similar)",0,,Tools Berry paycheck engine; IRS Rev. Proc. 2025-32; each state's published 2026 income tax and payroll rules
"Take-home pay by state, 2026",2026 rules,Virginia,VA,single,annual salary,75000,annual take-home pay,58041,,Tools Berry paycheck engine; IRS Rev. Proc. 2025-32; each state's published 2026 income tax and payroll rules
"Take-home pay by state, 2026",2026 rules,Virginia,VA,single,annual salary,75000,federal income tax,7670,,Tools Berry paycheck engine; IRS Rev. Proc. 2025-32; each state's published 2026 income tax and payroll rules
"Take-home pay by state, 2026",2026 rules,Virginia,VA,single,annual salary,75000,Social Security and Medicare,5738,,Tools Berry paycheck engine; IRS Rev. Proc. 2025-32; each state's published 2026 income tax and payroll rules
"Take-home pay by state, 2026",2026 rules,Virginia,VA,single,annual salary,75000,state income tax,3552,,Tools Berry paycheck engine; IRS Rev. Proc. 2025-32; each state's published 2026 income tax and payroll rules
"Take-home pay by state, 2026",2026 rules,Virginia,VA,single,annual salary,75000,"state payroll programs (disability, paid leave and similar)",0,,Tools Berry paycheck engine; IRS Rev. Proc. 2025-32; each state's published 2026 income tax and payroll rules
"Take-home pay by state, 2026",2026 rules,Virginia,VA,single,annual salary,100000,annual take-home pay,74191,,Tools Berry paycheck engine; IRS Rev. Proc. 2025-32; each state's published 2026 income tax and payroll rules
"Take-home pay by state, 2026",2026 rules,Virginia,VA,single,annual salary,100000,federal income tax,13170,,Tools Berry paycheck engine; IRS Rev. Proc. 2025-32; each state's published 2026 income tax and payroll rules
"Take-home pay by state, 2026",2026 rules,Virginia,VA,single,annual salary,100000,Social Security and Medicare,7650,,Tools Berry paycheck engine; IRS Rev. Proc. 2025-32; each state's published 2026 income tax and payroll rules
"Take-home pay by state, 2026",2026 rules,Virginia,VA,single,annual salary,100000,state income tax,4989,,Tools Berry paycheck engine; IRS Rev. Proc. 2025-32; each state's published 2026 income tax and payroll rules
"Take-home pay by state, 2026",2026 rules,Virginia,VA,single,annual salary,100000,"state payroll programs (disability, paid leave and similar)",0,,Tools Berry paycheck engine; IRS Rev. Proc. 2025-32; each state's published 2026 income tax and payroll rules
"Take-home pay by state, 2026",2026 rules,Washington,WA,single,annual salary,75000,annual take-home pay,60552,,Tools Berry paycheck engine; IRS Rev. Proc. 2025-32; each state's published 2026 income tax and payroll rules
"Take-home pay by state, 2026",2026 rules,Washington,WA,single,annual salary,75000,federal income tax,7670,,Tools Berry paycheck engine; IRS Rev. Proc. 2025-32; each state's published 2026 income tax and payroll rules
"Take-home pay by state, 2026",2026 rules,Washington,WA,single,annual salary,75000,Social Security and Medicare,5738,,Tools Berry paycheck engine; IRS Rev. Proc. 2025-32; each state's published 2026 income tax and payroll rules
"Take-home pay by state, 2026",2026 rules,Washington,WA,single,annual salary,75000,state income tax,0,,Tools Berry paycheck engine; IRS Rev. Proc. 2025-32; each state's published 2026 income tax and payroll rules
"Take-home pay by state, 2026",2026 rules,Washington,WA,single,annual salary,75000,"state payroll programs (disability, paid leave and similar)",1040,,Tools Berry paycheck engine; IRS Rev. Proc. 2025-32; each state's published 2026 income tax and payroll rules
"Take-home pay by state, 2026",2026 rules,Washington,WA,single,annual salary,100000,annual take-home pay,77793,,Tools Berry paycheck engine; IRS Rev. Proc. 2025-32; each state's published 2026 income tax and payroll rules
"Take-home pay by state, 2026",2026 rules,Washington,WA,single,annual salary,100000,federal income tax,13170,,Tools Berry paycheck engine; IRS Rev. Proc. 2025-32; each state's published 2026 income tax and payroll rules
"Take-home pay by state, 2026",2026 rules,Washington,WA,single,annual salary,100000,Social Security and Medicare,7650,,Tools Berry paycheck engine; IRS Rev. Proc. 2025-32; each state's published 2026 income tax and payroll rules
"Take-home pay by state, 2026",2026 rules,Washington,WA,single,annual salary,100000,state income tax,0,,Tools Berry paycheck engine; IRS Rev. Proc. 2025-32; each state's published 2026 income tax and payroll rules
"Take-home pay by state, 2026",2026 rules,Washington,WA,single,annual salary,100000,"state payroll programs (disability, paid leave and similar)",1387,,Tools Berry paycheck engine; IRS Rev. Proc. 2025-32; each state's published 2026 income tax and payroll rules
"Take-home pay by state, 2026",2026 rules,West Virginia,WV,single,annual salary,75000,annual take-home pay,59047,,Tools Berry paycheck engine; IRS Rev. Proc. 2025-32; each state's published 2026 income tax and payroll rules
"Take-home pay by state, 2026",2026 rules,West Virginia,WV,single,annual salary,75000,federal income tax,7670,,Tools Berry paycheck engine; IRS Rev. Proc. 2025-32; each state's published 2026 income tax and payroll rules
"Take-home pay by state, 2026",2026 rules,West Virginia,WV,single,annual salary,75000,Social Security and Medicare,5738,,Tools Berry paycheck engine; IRS Rev. Proc. 2025-32; each state's published 2026 income tax and payroll rules
"Take-home pay by state, 2026",2026 rules,West Virginia,WV,single,annual salary,75000,state income tax,2546,,Tools Berry paycheck engine; IRS Rev. Proc. 2025-32; each state's published 2026 income tax and payroll rules
"Take-home pay by state, 2026",2026 rules,West Virginia,WV,single,annual salary,75000,"state payroll programs (disability, paid leave and similar)",0,,Tools Berry paycheck engine; IRS Rev. Proc. 2025-32; each state's published 2026 income tax and payroll rules
"Take-home pay by state, 2026",2026 rules,West Virginia,WV,single,annual salary,100000,annual take-home pay,75489,,Tools Berry paycheck engine; IRS Rev. Proc. 2025-32; each state's published 2026 income tax and payroll rules
"Take-home pay by state, 2026",2026 rules,West Virginia,WV,single,annual salary,100000,federal income tax,13170,,Tools Berry paycheck engine; IRS Rev. Proc. 2025-32; each state's published 2026 income tax and payroll rules
"Take-home pay by state, 2026",2026 rules,West Virginia,WV,single,annual salary,100000,Social Security and Medicare,7650,,Tools Berry paycheck engine; IRS Rev. Proc. 2025-32; each state's published 2026 income tax and payroll rules
"Take-home pay by state, 2026",2026 rules,West Virginia,WV,single,annual salary,100000,state income tax,3691,,Tools Berry paycheck engine; IRS Rev. Proc. 2025-32; each state's published 2026 income tax and payroll rules
"Take-home pay by state, 2026",2026 rules,West Virginia,WV,single,annual salary,100000,"state payroll programs (disability, paid leave and similar)",0,,Tools Berry paycheck engine; IRS Rev. Proc. 2025-32; each state's published 2026 income tax and payroll rules
"Take-home pay by state, 2026",2026 rules,Wisconsin,WI,single,annual salary,75000,annual take-home pay,58612,,Tools Berry paycheck engine; IRS Rev. Proc. 2025-32; each state's published 2026 income tax and payroll rules
"Take-home pay by state, 2026",2026 rules,Wisconsin,WI,single,annual salary,75000,federal income tax,7670,,Tools Berry paycheck engine; IRS Rev. Proc. 2025-32; each state's published 2026 income tax and payroll rules
"Take-home pay by state, 2026",2026 rules,Wisconsin,WI,single,annual salary,75000,Social Security and Medicare,5738,,Tools Berry paycheck engine; IRS Rev. Proc. 2025-32; each state's published 2026 income tax and payroll rules
"Take-home pay by state, 2026",2026 rules,Wisconsin,WI,single,annual salary,75000,state income tax,2981,,Tools Berry paycheck engine; IRS Rev. Proc. 2025-32; each state's published 2026 income tax and payroll rules
"Take-home pay by state, 2026",2026 rules,Wisconsin,WI,single,annual salary,75000,"state payroll programs (disability, paid leave and similar)",0,,Tools Berry paycheck engine; IRS Rev. Proc. 2025-32; each state's published 2026 income tax and payroll rules
"Take-home pay by state, 2026",2026 rules,Wisconsin,WI,single,annual salary,100000,annual take-home pay,74715,,Tools Berry paycheck engine; IRS Rev. Proc. 2025-32; each state's published 2026 income tax and payroll rules
"Take-home pay by state, 2026",2026 rules,Wisconsin,WI,single,annual salary,100000,federal income tax,13170,,Tools Berry paycheck engine; IRS Rev. Proc. 2025-32; each state's published 2026 income tax and payroll rules
"Take-home pay by state, 2026",2026 rules,Wisconsin,WI,single,annual salary,100000,Social Security and Medicare,7650,,Tools Berry paycheck engine; IRS Rev. Proc. 2025-32; each state's published 2026 income tax and payroll rules
"Take-home pay by state, 2026",2026 rules,Wisconsin,WI,single,annual salary,100000,state income tax,4465,,Tools Berry paycheck engine; IRS Rev. Proc. 2025-32; each state's published 2026 income tax and payroll rules
"Take-home pay by state, 2026",2026 rules,Wisconsin,WI,single,annual salary,100000,"state payroll programs (disability, paid leave and similar)",0,,Tools Berry paycheck engine; IRS Rev. Proc. 2025-32; each state's published 2026 income tax and payroll rules
"Take-home pay by state, 2026",2026 rules,Wyoming,WY,single,annual salary,75000,annual take-home pay,61593,,Tools Berry paycheck engine; IRS Rev. Proc. 2025-32; each state's published 2026 income tax and payroll rules
"Take-home pay by state, 2026",2026 rules,Wyoming,WY,single,annual salary,75000,federal income tax,7670,,Tools Berry paycheck engine; IRS Rev. Proc. 2025-32; each state's published 2026 income tax and payroll rules
"Take-home pay by state, 2026",2026 rules,Wyoming,WY,single,annual salary,75000,Social Security and Medicare,5738,,Tools Berry paycheck engine; IRS Rev. Proc. 2025-32; each state's published 2026 income tax and payroll rules
"Take-home pay by state, 2026",2026 rules,Wyoming,WY,single,annual salary,75000,state income tax,0,,Tools Berry paycheck engine; IRS Rev. Proc. 2025-32; each state's published 2026 income tax and payroll rules
"Take-home pay by state, 2026",2026 rules,Wyoming,WY,single,annual salary,75000,"state payroll programs (disability, paid leave and similar)",0,,Tools Berry paycheck engine; IRS Rev. Proc. 2025-32; each state's published 2026 income tax and payroll rules
"Take-home pay by state, 2026",2026 rules,Wyoming,WY,single,annual salary,100000,annual take-home pay,79180,,Tools Berry paycheck engine; IRS Rev. Proc. 2025-32; each state's published 2026 income tax and payroll rules
"Take-home pay by state, 2026",2026 rules,Wyoming,WY,single,annual salary,100000,federal income tax,13170,,Tools Berry paycheck engine; IRS Rev. Proc. 2025-32; each state's published 2026 income tax and payroll rules
"Take-home pay by state, 2026",2026 rules,Wyoming,WY,single,annual salary,100000,Social Security and Medicare,7650,,Tools Berry paycheck engine; IRS Rev. Proc. 2025-32; each state's published 2026 income tax and payroll rules
"Take-home pay by state, 2026",2026 rules,Wyoming,WY,single,annual salary,100000,state income tax,0,,Tools Berry paycheck engine; IRS Rev. Proc. 2025-32; each state's published 2026 income tax and payroll rules
"Take-home pay by state, 2026",2026 rules,Wyoming,WY,single,annual salary,100000,"state payroll programs (disability, paid leave and similar)",0,,Tools Berry paycheck engine; IRS Rev. Proc. 2025-32; each state's published 2026 income tax and payroll rules
Citation,,,,,,,,,,"Tools Berry (tools-berry.com). 2027 Social Security COLA and federal tax press data. Data as of August 26, 2026. https://tools-berry.com/press/2027/"
